regime,rid,D,mean_M,J,J_07,y,theta_A,theta_M
high_perm,0,37,0.5415206747709963,20.036264966526865,6.781976008265864,0,0.449149769820808,1.329692319800541
high_perm,0,23,0.6775677006429186,15.584057114787129,6.083621420769774,0,0.449149769820808,1.329692319800541
high_perm,0,7,1.252497559041324,8.76748291328927,4.890412762552815,1,0.449149769820808,1.329692319800541
high_perm,0,9,0.9124233191164208,8.211809872047787,4.247820267923938,0,0.449149769820808,1.329692319800541
high_perm,0,16,1.106233915073957,17.699742641183313,7.7042604632392795,1,0.449149769820808,1.329692319800541
high_perm,0,16,0.7945179431229479,12.712287089967166,5.533344343476481,1,0.449149769820808,1.329692319800541
high_perm,0,14,1.3686682137749513,19.16135499284932,8.68136080396651,1,0.449149769820808,1.329692319800541
high_perm,0,17,0.9407549509828027,15.992834166707645,6.8358221902107825,1,0.449149769820808,1.329692319800541
high_perm,0,29,0.9477950774478981,27.486057245989045,10.009054345317171,1,0.449149769820808,1.329692319800541
high_perm,0,10,1.5310512790440653,15.310512790440654,7.673433550855919,0,0.449149769820808,1.329692319800541
high_perm,0,11,0.97654587862745,10.74200466490195,5.2319975396855805,0,0.449149769820808,1.329692319800541
high_perm,0,8,1.2146372131374843,9.717097705099874,5.20726372659918,0,0.449149769820808,1.329692319800541
high_perm,0,17,0.7878345972509088,13.393188153265449,5.724654668548203,0,0.449149769820808,1.329692319800541
high_perm,1,16,-0.041777080640389694,-0.6684332902462351,-0.2909524886748708,1,0.45801198007501975,1.4089709526141136
high_perm,1,16,1.4651428176067354,23.442285081707766,10.20384724141451,1,0.45801198007501975,1.4089709526141136
high_perm,1,48,0.8981081050243239,43.10918904116755,13.495764209131687,1,0.45801198007501975,1.4089709526141136
high_perm,1,13,0.9269136615859174,12.049877600616925,5.582125930823216,1,0.45801198007501975,1.4089709526141136
high_perm,1,24,0.7332983160980694,17.599159586353665,6.783105266602936,0,0.45801198007501975,1.4089709526141136
high_perm,1,14,1.2369351689284651,17.317092364998512,7.845787886726619,1,0.45801198007501975,1.4089709526141136
high_perm,1,18,1.0426650397907207,18.767970716232973,7.885614926421467,1,0.45801198007501975,1.4089709526141136
high_perm,1,24,1.2431831564424336,29.836395754618408,11.499606682158225,1,0.45801198007501975,1.4089709526141136
high_perm,1,12,1.2023605797012396,14.428326956414875,6.846389473057225,0,0.45801198007501975,1.4089709526141136
high_perm,1,50,0.7921155113175427,39.60577556587713,12.248066081384444,1,0.45801198007501975,1.4089709526141136
high_perm,1,17,0.9087344496951626,15.448485644817763,6.603151128511821,1,0.45801198007501975,1.4089709526141136
high_perm,1,7,1.4016261373837273,9.81138296168609,5.472689588182129,1,0.45801198007501975,1.4089709526141136
high_perm,1,12,1.4402383505474037,17.282860206568845,8.200894846645047,0,0.45801198007501975,1.4089709526141136
high_perm,1,8,1.1894841309198867,9.515873047359094,5.0994301025119215,0,0.45801198007501975,1.4089709526141136
high_perm,2,25,0.750375600747559,18.759390018688975,7.14227733939692,1,0.5039224966022987,1.3314940753417819
high_perm,2,22,0.2218381697755427,4.880439735061939,1.930777148417449,1,0.5039224966022987,1.3314940753417819
high_perm,2,12,1.1791205629207142,14.14944675504857,6.714057950445766,0,0.5039224966022987,1.3314940753417819
high_perm,2,12,1.6349577247549558,19.61949269705947,9.309650985428412,0,0.5039224966022987,1.3314940753417819
high_perm,2,25,0.9803270207628063,24.508175519070157,9.331016971523594,1,0.5039224966022987,1.3314940753417819
high_perm,2,15,0.4846868211024614,7.270302316536921,3.2264511384936525,1,0.5039224966022987,1.3314940753417819
high_perm,2,7,1.3339421103255236,9.337594772278665,5.20841535678182,1,0.5039224966022987,1.3314940753417819
high_perm,2,12,1.5082240112091025,18.09868813450923,8.588013585674856,1,0.5039224966022987,1.3314940753417819
high_perm,2,10,0.7327779194584061,7.3277791945840605,3.6725893831650662,1,0.5039224966022987,1.3314940753417819
high_perm,2,7,1.6269508107095092,11.388655674966564,6.35247625937842,0,0.5039224966022987,1.3314940753417819
high_perm,2,23,0.7435951774405408,17.10268908113244,6.6764568995333695,1,0.5039224966022987,1.3314940753417819
high_perm,2,87,0.4518530990015256,39.31121961313273,10.295815276805012,1,0.5039224966022987,1.3314940753417819
high_perm,2,22,0.8797304300871303,19.354069461916865,7.65676805257771,1,0.5039224966022987,1.3314940753417819
high_perm,2,11,1.4842418086254923,16.326659894880414,7.952058025109531,0,0.5039224966022987,1.3314940753417819
high_perm,3,7,1.2646334045583274,8.852433831908291,4.937797520608671,1,0.41386386112509166,1.3192117678506494
high_perm,3,8,1.2395458831108972,9.916367064887178,5.314049532457494,1,0.41386386112509166,1.3192117678506494
high_perm,3,46,0.7560537655424227,34.77847321495144,11.027654801342099,1,0.41386386112509166,1.3192117678506494
high_perm,3,11,1.2419871758236747,13.661858934060422,6.654140875965449,1,0.41386386112509166,1.3192117678506494
high_perm,3,17,1.566795423951735,26.635522207179495,11.384829721470973,0,0.41386386112509166,1.3192117678506494
high_perm,3,71,1.118218574121018,79.39351876259228,22.100777173648197,0,0.41386386112509166,1.3192117678506494
high_perm,3,24,1.3850840715813744,33.24201771795298,12.812208693760281,0,0.41386386112509166,1.3192117678506494
high_perm,3,10,1.3836386498094568,13.83638649809457,6.9346202723777575,1,0.41386386112509166,1.3192117678506494
high_perm,3,13,0.7818425004683018,10.163952506087924,4.708467979872612,0,0.41386386112509166,1.3192117678506494
high_perm,3,13,1.1449547700881568,14.884412011146038,6.895228732300235,0,0.41386386112509166,1.3192117678506494
high_perm,3,12,1.4607721805391802,17.529266166470162,8.317817007825827,1,0.41386386112509166,1.3192117678506494
high_perm,3,12,1.1451770930841982,13.742125117010378,6.520779645675077,0,0.41386386112509166,1.3192117678506494
high_perm,3,11,0.8177618978495352,8.995380876344887,4.381287486063548,0,0.41386386112509166,1.3192117678506494
high_perm,4,17,0.8964506392429714,15.239660867130514,6.513893087422897,1,0.4750802243598091,1.3118655318818286
high_perm,4,8,0.8874558379300721,7.099646703440577,3.804606465065443,0,0.4750802243598091,1.3118655318818286
high_perm,4,17,1.531934902775772,26.042893347188127,11.131522179514368,0,0.4750802243598091,1.3118655318818286
high_perm,4,30,1.189343451069795,35.68030353209385,12.861516044582276,0,0.4750802243598091,1.3118655318818286
high_perm,4,24,1.0882358515301476,26.11766043672354,10.066323859978803,1,0.4750802243598091,1.3118655318818286
high_perm,4,7,1.1526509863117178,8.068556904182024,4.5005589460329904,1,0.4750802243598091,1.3118655318818286
high_perm,4,14,1.3880688993067432,19.432964590294404,8.8044179110511,0,0.4750802243598091,1.3118655318818286
high_perm,4,17,0.7149109801227402,12.153486662086584,5.194768666211041,1,0.4750802243598091,1.3118655318818286
high_perm,4,39,0.9544088185394918,37.22194392304018,12.401655650847049,1,0.4750802243598091,1.3118655318818286
high_perm,4,26,0.8486709814693493,22.06544551820308,8.302725814583242,0,0.4750802243598091,1.3118655318818286
high_perm,4,25,0.7124859100548531,17.812147751371327,6.78163304477744,0,0.4750802243598091,1.3118655318818286
high_perm,4,40,0.22667593516613432,9.067037406645372,2.998108944269045,0,0.4750802243598091,1.3118655318818286
high_perm,5,16,1.0556765971777655,16.89082555484425,7.3521588506531135,0,0.49816852860160366,1.3613737964296244
high_perm,5,34,1.072307422231286,36.45845235586373,12.657692881208,1,0.49816852860160366,1.3613737964296244
high_perm,5,22,0.7399963298206884,16.279919256055145,6.440586870042264,1,0.49816852860160366,1.3613737964296244
high_perm,5,12,1.5146285899203864,18.175543079044637,8.624482046973876,1,0.49816852860160366,1.3613737964296244
high_perm,5,30,1.0952428637916745,32.85728591375023,11.843915777818676,1,0.49816852860160366,1.3613737964296244
high_perm,5,14,1.2654391562720306,17.71614818780843,8.026586560934652,1,0.49816852860160366,1.3613737964296244
high_perm,5,13,1.133287005768427,14.732731074989552,6.824962285204762,1,0.49816852860160366,1.3613737964296244
high_perm,5,40,1.28932099602616,51.5728398410464,17.053088619163745,1,0.49816852860160366,1.3613737964296244
high_perm,5,17,0.8052595256694991,13.689411936381484,5.85126969430193,1,0.49816852860160366,1.3613737964296244
high_perm,5,23,0.671027199513826,15.433625588817996,6.024896760881527,1,0.49816852860160366,1.3613737964296244
high_perm,5,12,0.6425352730225884,7.710423276271061,3.658675112571361,0,0.49816852860160366,1.3613737964296244
high_perm,6,23,0.7280213809007461,16.74449176071716,6.536625732636977,1,0.4747826063968384,1.3076751899865133
high_perm,6,8,1.3605970604876032,10.884776483900826,5.833007290542003,1,0.4747826063968384,1.3076751899865133
high_perm,6,28,1.0774454129674422,30.16847156308838,11.102119521978299,0,0.4747826063968384,1.3076751899865133
high_perm,6,16,0.5620842004137037,8.993347206619259,3.9145817383200097,0,0.4747826063968384,1.3076751899865133
high_perm,6,23,0.6484388287627771,14.914093061543873,5.822084413080741,1,0.4747826063968384,1.3076751899865133
high_perm,6,34,0.7749358796715264,26.347819908831898,9.147470365448294,1,0.4747826063968384,1.3076751899865133
high_perm,6,12,0.8091434483203571,9.709721379844286,4.6073626167536315,1,0.4747826063968384,1.3076751899865133
high_perm,6,67,0.8538439177348829,57.20754248823715,16.20432149407359,0,0.4747826063968384,1.3076751899865133
high_perm,6,26,0.33227548216889236,8.6391625363912,3.250720577932702,0,0.4747826063968384,1.3076751899865133
high_perm,6,13,1.6440396723342106,21.37251574034474,9.90085362485322,0,0.4747826063968384,1.3076751899865133
high_perm,6,10,0.8248755310384128,8.248755310384128,4.1341708548796925,1,0.4747826063968384,1.3076751899865133
high_perm,6,8,1.4011185957745016,11.208948766196013,6.006726915268906,1,0.4747826063968384,1.3076751899865133
high_perm,6,8,1.0087459619995234,8.069967695996187,4.324588610046932,1,0.4747826063968384,1.3076751899865133
high_perm,6,7,1.2750677204746022,8.925474043322215,4.978538607373355,1,0.4747826063968384,1.3076751899865133
high_perm,6,46,0.8126324675003197,37.381093505014704,11.852900865492145,1,0.4747826063968384,1.3076751899865133
high_perm,6,10,0.4011118957706847,4.011118957706847,2.010321614163002,0,0.4747826063968384,1.3076751899865133
high_perm,6,8,1.1025902031494659,8.820721625195727,4.726907679152392,0,0.4747826063968384,1.3076751899865133
high_perm,6,12,0.6580209139587391,7.896250967504869,3.7468522624868625,0,0.4747826063968384,1.3076751899865133
high_perm,7,7,0.9149054245940557,6.404337972158389,3.572274558673173,0,0.49240945285098137,1.295484901103762
high_perm,7,16,0.635874841293416,10.173997460694656,4.4284896101905336,0,0.49240945285098137,1.295484901103762
high_perm,7,19,0.7504075998702863,14.25774439753544,5.894198321810586,0,0.49240945285098137,1.295484901103762
high_perm,7,7,1.5294525605458766,10.706167923821136,5.971791535895407,0,0.49240945285098137,1.295484901103762
high_perm,7,39,0.9680773010569133,37.75501474121962,12.579264878840231,1,0.49240945285098137,1.295484901103762
high_perm,7,17,0.7849872172363165,13.34478269301738,5.703964707291683,1,0.49240945285098137,1.295484901103762
high_perm,7,17,0.8046415430952376,13.67890623261904,5.846779238004158,1,0.49240945285098137,1.295484901103762
high_perm,7,24,1.2931553243768148,31.035727785043555,11.961855766954889,1,0.49240945285098137,1.295484901103762
high_perm,7,13,0.48988510688765174,6.368506389539473,2.950221225138549,1,0.49240945285098137,1.295484901103762
high_perm,7,52,0.7056619497327621,36.69442138610363,11.214993878087887,1,0.49240945285098137,1.295484901103762
high_perm,7,63,0.8190627508793846,51.600953305401234,14.88865821258787,0,0.49240945285098137,1.295484901103762
high_perm,7,10,0.8208407243215048,8.208407243215047,4.113948918713014,0,0.49240945285098137,1.295484901103762
high_perm,7,10,1.2176017376356412,12.176017376356413,6.102464465453667,1,0.49240945285098137,1.295484901103762
high_perm,7,17,1.5268807678788046,25.956973053939677,11.094797241266724,0,0.49240945285098137,1.295484901103762
high_perm,7,70,0.8421514549637188,58.95060184746031,16.48006162364118,1,0.49240945285098137,1.295484901103762
high_perm,7,27,0.8705857344263842,23.505814829512374,8.745128218589523,0,0.49240945285098137,1.295484901103762
high_perm,7,10,1.4510503704796607,14.510503704796607,7.2724792103452955,0,0.49240945285098137,1.295484901103762
high_perm,8,24,0.3538530140004603,8.492472336011048,3.2731866283855555,1,0.4641659927879771,1.3307582744333304
high_perm,8,17,0.5972978758759963,10.154063889891937,4.3401547552988005,0,0.4641659927879771,1.3307582744333304
high_perm,8,14,0.8619313375871834,12.067038726220568,5.467166442918634,0,0.4641659927879771,1.3307582744333304
high_perm,8,12,1.148615544218164,13.783386530617967,6.540358610625054,0,0.4641659927879771,1.3307582744333304
high_perm,8,9,1.3492981374853281,12.143683237367952,6.281707027646534,0,0.4641659927879771,1.3307582744333304
high_perm,8,47,1.1864307819189353,55.76224675018996,17.567538196488265,1,0.4641659927879771,1.3307582744333304
high_perm,8,7,1.266706827796314,8.866947794574198,4.9458932613085445,1,0.4641659927879771,1.3307582744333304
high_perm,8,9,1.40151044229272,12.61359398063448,6.524783330004347,0,0.4641659927879771,1.3307582744333304
high_perm,8,10,1.0190322135510446,10.190322135510446,5.107259360867237,1,0.4641659927879771,1.3307582744333304
high_perm,8,30,1.07369412623142,32.2108237869426,11.610888527681288,1,0.4641659927879771,1.3307582744333304
high_perm,8,8,1.3754943806059459,11.003955044847567,5.896873500004994,1,0.4641659927879771,1.3307582744333304
high_perm,8,19,0.8476974550569673,16.106251646082377,6.658377284376603,1,0.4641659927879771,1.3307582744333304
high_perm,8,14,0.5143330298877611,7.200662418428655,3.262376199661738,0,0.4641659927879771,1.3307582744333304
high_perm,8,42,0.4174040281313238,17.5309691815156,5.712564795670764,0,0.4641659927879771,1.3307582744333304
high_perm,8,11,1.300919976921283,14.310119746134113,6.96988259081743,0,0.4641659927879771,1.3307582744333304
high_perm,8,12,1.0694747377607823,12.833696853129387,6.089721095251995,0,0.4641659927879771,1.3307582744333304
high_perm,9,7,1.3167090195639564,9.216963136947694,5.141128257984512,1,0.43377182508765566,1.318826502800596
high_perm,9,32,1.2635980189955078,40.43513660785625,14.295979646809782,1,0.43377182508765566,1.318826502800596
high_perm,9,28,0.286163360498532,8.012574093958897,2.9486596655655055,0,0.43377182508765566,1.318826502800596
high_perm,9,51,1.0294701883343584,52.50297960505228,16.140348138873314,0,0.43377182508765566,1.318826502800596
high_perm,9,78,0.9548125262449499,74.4753770471061,20.15507088010819,1,0.43377182508765566,1.318826502800596
high_perm,9,24,0.9399782873544428,22.559478896506626,8.694922013967401,0,0.43377182508765566,1.318826502800596
high_perm,9,8,1.0597735638040084,8.478188510432068,4.5433487279305975,1,0.43377182508765566,1.318826502800596
high_perm,9,21,0.5045793877630042,10.596167143023088,4.250920782307256,0,0.43377182508765566,1.318826502800596
high_perm,9,8,1.6222890437079776,12.97831234966382,6.954905382438364,0,0.43377182508765566,1.318826502800596
high_perm,9,38,0.8501498497596198,32.30569429086555,10.84785821116165,0,0.43377182508765566,1.318826502800596
high_perm,10,8,1.2895342395579945,10.316273916463956,5.52835430796071,1,0.4075448516495745,1.3645374701620767
high_perm,10,8,1.230881642366875,9.847053138935,5.276905119247619,1,0.4075448516495745,1.3645374701620767
high_perm,10,45,0.18411754447413714,8.285289501336171,2.644502207211144,1,0.4075448516495745,1.3645374701620767
high_perm,10,7,1.4138743162954857,9.8971202140684,5.520512955210437,1,0.4075448516495745,1.3645374701620767
high_perm,10,54,1.0354838281560246,55.916126720425325,16.897363720670892,0,0.4075448516495745,1.3645374701620767
high_perm,10,94,0.3590768329631663,33.75322229853763,8.637277712465961,0,0.4075448516495745,1.3645374701620767
high_perm,10,10,1.5630765276651564,15.630765276651564,7.833940008482221,1,0.4075448516495745,1.3645374701620767
high_perm,10,8,1.5408483201183816,12.326786560947053,6.605761357186034,1,0.4075448516495745,1.3645374701620767
high_perm,10,11,1.439955509490649,15.839510604397141,7.71478723918297,1,0.4075448516495745,1.3645374701620767
high_perm,10,31,0.738312716747909,22.887694219185178,8.169463457495363,0,0.4075448516495745,1.3645374701620767
high_perm,10,27,0.5600025961973508,15.120070097328473,5.625286876215126,1,0.4075448516495745,1.3645374701620767
high_perm,10,26,1.0631387896785893,27.64160853164332,10.400909264349583,1,0.4075448516495745,1.3645374701620767
high_perm,11,9,0.7775864381145065,6.998277943030558,3.6200822169738194,1,0.5384469545488266,1.3351518517647931
high_perm,11,36,0.7191979571035501,25.8911264557278,8.836091320711624,0,0.5384469545488266,1.3351518517647931
high_perm,11,14,1.0130774092208423,14.183083729091793,6.425874746909185,1,0.5384469545488266,1.3351518517647931
high_perm,11,10,1.399740123315143,13.997401233151429,7.015318802014134,1,0.5384469545488266,1.3351518517647931
high_perm,11,11,1.204096120694154,13.245057327635696,6.451133611736982,0,0.5384469545488266,1.3351518517647931
high_perm,11,26,1.057201774209234,27.48724612944008,10.342826199563211,0,0.5384469545488266,1.3351518517647931
high_perm,11,13,1.2671588755184107,16.47306538173934,7.631175060470784,0,0.5384469545488266,1.3351518517647931
high_perm,11,7,1.1469577740542298,8.02870441837961,4.478329634939361,1,0.5384469545488266,1.3351518517647931
high_perm,11,7,1.386487108074979,9.705409756524853,5.413578812588416,1,0.5384469545488266,1.3351518517647931
high_perm,11,13,1.1036408786961915,14.34733142305049,6.646425252537382,1,0.5384469545488266,1.3351518517647931
high_perm,11,41,0.2877960210018047,11.799636861073992,3.8728750434234094,1,0.5384469545488266,1.3351518517647931
high_perm,11,8,1.2077699217184028,9.662159373747222,5.177823003789281,1,0.5384469545488266,1.3351518517647931
high_perm,11,18,0.5143520382101241,9.258336687782233,3.8900144870678304,1,0.5384469545488266,1.3351518517647931
high_perm,11,13,0.8468866536850924,11.0095264979062,5.100181544325486,0,0.5384469545488266,1.3351518517647931
high_perm,11,10,1.0368953319070775,10.368953319070775,5.196787029595404,0,0.5384469545488266,1.3351518517647931
high_perm,12,35,0.7493592988285879,26.227575459000576,9.026881304316825,1,0.527640028647351,1.2765394798994116
high_perm,12,16,0.7744113677095232,12.390581883352372,5.393314019059578,1,0.527640028647351,1.2765394798994116
high_perm,12,17,0.5703238016082641,9.69550462734049,4.144152623981686,1,0.527640028647351,1.2765394798994116
high_perm,12,23,1.0198492989660384,23.456533876218884,9.156837073638142,1,0.527640028647351,1.2765394798994116
high_perm,12,29,0.6234152566875811,18.07904244393985,6.5834876465992895,0,0.527640028647351,1.2765394798994116
high_perm,12,37,0.7408875044925062,27.412837666222728,9.278835535535244,1,0.527640028647351,1.2765394798994116
high_perm,12,19,0.9475549272049683,18.003543616894397,7.442724011217769,0,0.527640028647351,1.2765394798994116
high_perm,12,8,0.6618508170581969,5.294806536465575,2.8374165675237535,0,0.527640028647351,1.2765394798994116
high_perm,12,43,0.7969027942935099,34.26682015462092,11.087490700026343,0,0.527640028647351,1.2765394798994116
high_perm,12,9,1.2293308903130653,11.063978012817588,5.723195103029276,0,0.527640028647351,1.2765394798994116
high_perm,12,16,1.0393788384643057,16.63006141542889,7.238654666425379,0,0.527640028647351,1.2765394798994116
high_perm,12,14,1.4855207808513364,20.79729093191871,9.422547956155755,0,0.527640028647351,1.2765394798994116
high_perm,12,49,0.8200365727174226,40.18179206315371,12.501740440224802,1,0.527640028647351,1.2765394798994116
high_perm,12,126,0.5045592719060189,63.57446826015838,14.899495826193485,0,0.527640028647351,1.2765394798994116
high_perm,12,7,0.9267633247240556,6.487343273068389,3.618574070967005,0,0.527640028647351,1.2765394798994116
high_perm,13,18,1.1381033985047475,20.485861173085453,8.60740967095376,0,0.5148331444802617,1.3531635903776649
high_perm,13,13,0.681338565995595,8.857401357942734,4.103205977573542,0,0.5148331444802617,1.3531635903776649
high_perm,13,7,1.5597268080909876,10.918087656636914,6.08999820664103,0,0.5148331444802617,1.3531635903776649
high_perm,13,14,1.0034649591864755,14.048509428610657,6.36490369043358,1,0.5148331444802617,1.3531635903776649
high_perm,13,7,1.0225935740997136,7.158155018697995,3.992746037373108,1,0.5148331444802617,1.3531635903776649
high_perm,13,45,0.959451135784026,43.17530111028117,13.780710868911811,0,0.5148331444802617,1.3531635903776649
high_perm,13,7,1.2128425845534359,8.489898091874052,4.735578773508788,0,0.5148331444802617,1.3531635903776649
high_perm,13,18,0.36542196587705705,6.577595385787027,2.7636650300855727,1,0.5148331444802617,1.3531635903776649
high_perm,13,15,1.2091004278755935,18.1365064181339,8.04870956301015,1,0.5148331444802617,1.3531635903776649
high_perm,13,11,1.471911779768427,16.191029577452696,7.885997963768544,0,0.5148331444802617,1.3531635903776649
high_perm,13,9,1.2833536782565753,11.550183104309177,5.974700176111388,0,0.5148331444802617,1.3531635903776649
high_perm,13,10,1.128926197317696,11.289261973176961,5.658033978030121,0,0.5148331444802617,1.3531635903776649
high_perm,13,21,0.7292347639442475,15.313930042829197,6.143570840209447,0,0.5148331444802617,1.3531635903776649
high_perm,13,40,0.9268565532319553,37.07426212927821,12.258985146625578,0,0.5148331444802617,1.3531635903776649
high_perm,14,27,1.077894503268661,29.10315158825385,10.82756730835725,0,0.43842860103507864,1.3709383106834439
high_perm,14,14,1.3068732636708673,18.29622569139214,8.289400026096885,1,0.43842860103507864,1.3709383106834439
high_perm,14,29,0.7754048953141001,22.4867419641089,8.188552485123493,1,0.43842860103507864,1.3709383106834439
high_perm,14,29,0.6964466635980792,20.196953244344297,7.354725373060608,1,0.43842860103507864,1.3709383106834439
high_perm,14,25,0.5315457963035111,13.288644907587777,5.059396243705234,0,0.43842860103507864,1.3709383106834439
high_perm,14,13,1.1665101335129067,15.164631735667786,7.025040987862142,1,0.43842860103507864,1.3709383106834439
high_perm,14,12,0.9893371919383477,11.872046303260172,5.633408022969065,0,0.43842860103507864,1.3709383106834439
high_perm,14,18,1.1080240802917167,19.9444334452509,8.379921540417739,1,0.43842860103507864,1.3709383106834439
high_perm,14,43,0.5907765361510763,25.40339105449628,8.2196089626915,1,0.43842860103507864,1.3709383106834439
high_perm,14,12,1.2496062405137294,14.995274886164752,7.1154120943033705,1,0.43842860103507864,1.3709383106834439
high_perm,14,18,1.1672390833135509,21.010303499643914,8.827761157051276,1,0.43842860103507864,1.3709383106834439
high_perm,14,14,1.6694838500285023,23.372773900399032,10.589412037646458,0,0.43842860103507864,1.3709383106834439
high_perm,15,15,0.9901989160817511,14.852983741226268,6.591531440570712,1,0.40249102637317047,1.3084167826562845
high_perm,15,9,0.7102084406591369,6.391875965932233,3.3064014755826325,1,0.40249102637317047,1.3084167826562845
high_perm,15,16,0.7053060731535666,11.284897170457066,4.912036794240118,0,0.40249102637317047,1.3084167826562845
high_perm,15,11,0.9370330079301666,10.307363087231833,5.020301144463817,1,0.40249102637317047,1.3084167826562845
high_perm,15,8,1.5644729895050395,12.515783916040316,6.707042532025288,1,0.40249102637317047,1.3084167826562845
high_perm,15,8,1.1595169165067225,9.27613533205378,4.970957841895263,1,0.40249102637317047,1.3084167826562845
high_perm,15,10,0.5068536613053539,5.068536613053539,2.540285843634847,0,0.40249102637317047,1.3084167826562845
high_perm,15,18,0.853594715318627,15.364704875735285,6.455687082001032,1,0.40249102637317047,1.3084167826562845
high_perm,15,9,0.332009082212112,2.988081739909008,1.5456804741917003,1,0.40249102637317047,1.3084167826562845
high_perm,15,42,0.505611837529575,21.235697176242148,6.919771225679511,1,0.40249102637317047,1.3084167826562845
high_perm,15,10,0.8093131604625338,8.093131604625338,4.056174240303619,0,0.40249102637317047,1.3084167826562845
high_perm,15,10,1.265347083589404,12.65347083589404,6.341758044025102,0,0.40249102637317047,1.3084167826562845
high_perm,15,18,0.6869131074859706,12.36443593474747,5.195083796645898,0,0.40249102637317047,1.3084167826562845
high_perm,16,43,0.5121416233351983,22.02208980341353,7.125543449574088,1,0.4347929000982081,1.2863355175422593
high_perm,16,7,1.4250378406166244,9.97526488431637,5.564101257176433,1,0.4347929000982081,1.2863355175422593
high_perm,16,35,0.8583517846002193,30.042312461007675,10.33981921495722,1,0.4347929000982081,1.2863355175422593
high_perm,16,7,1.2315848321817022,8.621093825271915,4.808758418721315,1,0.4347929000982081,1.2863355175422593
high_perm,16,11,0.8632497106703932,9.495746817374325,4.624995569803463,0,0.4347929000982081,1.2863355175422593
high_perm,16,8,1.5988855975996903,12.791084780797522,6.854572612555321,0,0.4347929000982081,1.2863355175422593
high_perm,16,14,1.2698102493020245,17.777343490228343,8.054312079302917,0,0.4347929000982081,1.2863355175422593
high_perm,16,11,1.2806744393820955,14.08741883320305,6.8614139515933115,0,0.4347929000982081,1.2863355175422593
high_perm,16,32,1.233290092778165,39.46528296890128,13.953084604378027,1,0.4347929000982081,1.2863355175422593
high_perm,16,9,1.5915294405184912,14.32376496466642,7.409423754073827,1,0.4347929000982081,1.2863355175422593
high_perm,16,43,0.6663116572449865,28.65140126153442,9.270546365159227,1,0.4347929000982081,1.2863355175422593
high_perm,16,7,2.049373657112635,14.345615599788445,8.001838419273517,0,0.4347929000982081,1.2863355175422593
high_perm,16,9,0.7078673929088098,6.3708065361792885,3.295502641813624,0,0.4347929000982081,1.2863355175422593
high_perm,16,18,0.83233989234224,14.982118062160321,6.2949380946227995,0,0.4347929000982081,1.2863355175422593
high_perm,16,7,1.552418058409279,10.866926408864954,6.061460983184013,0,0.4347929000982081,1.2863355175422593
high_perm,16,19,0.8172228344874025,15.527233855260647,6.419009429560111,0,0.4347929000982081,1.2863355175422593
high_perm,16,17,0.7304643051429535,12.41789318743021,5.307784031363956,0,0.4347929000982081,1.2863355175422593
high_perm,17,10,0.9908054452095307,9.908054452095307,4.965790401474025,1,0.5024003256806843,1.3218312754578645
high_perm,17,10,1.6204282069532252,16.20428206953225,8.12137930334488,1,0.5024003256806843,1.3218312754578645
high_perm,17,12,1.0866884229334033,13.040261075200839,6.1877379422344845,0,0.5024003256806843,1.3218312754578645
high_perm,17,8,0.45822706323078544,3.6658165058462835,1.9644624247467835,1,0.5024003256806843,1.3218312754578645
high_perm,17,14,0.7403220804969634,10.364509126957486,4.695807959337954,1,0.5024003256806843,1.3218312754578645
high_perm,17,9,1.5600344812408902,14.040310331168012,7.262797814607058,1,0.5024003256806843,1.3218312754578645
high_perm,17,15,1.352205045436976,20.283075681554642,9.00132481094365,1,0.5024003256806843,1.3218312754578645
high_perm,17,56,0.8041397742301266,45.03182735688709,13.460561063929475,1,0.5024003256806843,1.3218312754578645
high_perm,17,18,1.1349051358284254,20.42829244491166,8.583221396736679,1,0.5024003256806843,1.3218312754578645
high_perm,17,61,0.5185264787789561,31.630115205516322,9.21513757382116,0,0.5024003256806843,1.3218312754578645
high_perm,17,29,0.3717407490676767,10.780481722962623,3.925715007727318,0,0.5024003256806843,1.3218312754578645
high_perm,17,12,0.5913964154456722,7.096756985348067,3.3674841486545564,0,0.5024003256806843,1.3218312754578645
high_perm,17,37,1.2224485568271979,45.23059660260632,15.309880434846379,0,0.5024003256806843,1.3218312754578645
high_perm,18,39,0.7958026316699444,31.03630263512783,10.34071564752641,0,0.4798229537452584,1.243432218184369
high_perm,18,12,1.0275875362315534,12.331050434778641,5.85121020222455,1,0.4798229537452584,1.243432218184369
high_perm,18,12,0.7634014148832806,9.160816978599367,4.346901835281864,1,0.4798229537452584,1.243432218184369
high_perm,18,19,1.0718280081253477,20.364732154381606,8.41884710103422,1,0.4798229537452584,1.243432218184369
high_perm,18,19,0.7317875401873584,13.90396326355981,5.747944040065441,1,0.4798229537452584,1.243432218184369
high_perm,18,13,1.4203021349913643,18.463927754887735,8.553445381065819,0,0.4798229537452584,1.243432218184369
high_perm,18,24,0.7839884161482799,18.815721987558717,7.251995317305342,1,0.4798229537452584,1.243432218184369
high_perm,18,12,1.2294144277083372,14.752973132500045,7.000437421175673,1,0.4798229537452584,1.243432218184369
high_perm,18,8,1.243064234211856,9.944513873694849,5.329133033825067,1,0.4798229537452584,1.243432218184369
high_perm,18,7,1.577323708185953,11.041265957301672,6.158705809449976,0,0.4798229537452584,1.243432218184369
high_perm,18,14,1.0081594272193994,14.114231981071592,6.3946803524224585,0,0.4798229537452584,1.243432218184369
high_perm,18,42,0.8494428836764343,35.67660111441024,11.625420902014772,0,0.4798229537452584,1.243432218184369
high_perm,18,7,1.2566520576681197,8.796564403676838,4.906634121995656,1,0.4798229537452584,1.243432218184369
high_perm,18,20,0.5575942609241394,11.15188521848279,4.539826881230705,1,0.4798229537452584,1.243432218184369
high_perm,18,33,0.9936299478031914,32.789788277505316,11.486413078801593,0,0.4798229537452584,1.243432218184369
high_perm,18,18,0.6781311874360102,12.206361373848184,5.128666647143592,0,0.4798229537452584,1.243432218184369
high_perm,18,8,1.018702991942176,8.149623935537408,4.36727533187979,0,0.4798229537452584,1.243432218184369
high_perm,19,25,1.1731877715046555,29.329694287616388,11.166717610390705,0,0.465039928474668,1.4389301453636165
high_perm,19,17,1.0098868344481942,17.168076185619302,7.3381562598323065,1,0.465039928474668,1.4389301453636165
high_perm,19,54,0.7049123262051453,38.06526561507785,11.502989851887673,0,0.465039928474668,1.4389301453636165
high_perm,19,15,1.4093851054055693,21.14077658108354,9.381959607584433,1,0.465039928474668,1.4389301453636165
high_perm,19,53,0.6234276374711386,33.04166478597035,10.041050701203957,0,0.465039928474668,1.4389301453636165
high_perm,19,42,1.128239560715924,47.3860615500688,15.441014367980802,0,0.465039928474668,1.4389301453636165
high_perm,19,75,0.7853635917726729,58.902269382950465,16.129230506690504,0,0.465039928474668,1.4389301453636165
high_perm,19,9,0.9170538029463433,8.25348422651709,4.269377655433593,0,0.465039928474668,1.4389301453636165
high_perm,19,8,1.7729737634640639,14.183790107712511,7.60090491781553,1,0.465039928474668,1.4389301453636165
high_perm,19,19,0.7473473341269333,14.199599348411732,5.870160967695457,1,0.465039928474668,1.4389301453636165
high_perm,19,12,0.7898005540500453,9.477606648600544,4.4972217904936524,0,0.465039928474668,1.4389301453636165
high_perm,19,17,0.9120307005863256,15.504521909967536,6.6271027271324545,0,0.465039928474668,1.4389301453636165
high_perm,19,22,1.5018073903109643,33.03976258684121,13.071039097873665,0,0.465039928474668,1.4389301453636165
high_perm,20,44,0.7643101392942927,33.62964612894888,10.806535749020743,0,0.46333771059035833,1.3921856851955092
high_perm,20,8,1.0465231229036838,8.37218498322947,4.486542844235103,0,0.46333771059035833,1.3921856851955092
high_perm,20,11,1.0398329548318281,11.43816250315011,5.571067965604117,0,0.46333771059035833,1.3921856851955092
high_perm,20,83,0.440860472147556,36.59141918824715,9.719766369972987,1,0.46333771059035833,1.3921856851955092
high_perm,20,11,1.1015209999796516,12.116730999776168,5.90157133211779,1,0.46333771059035833,1.3921856851955092
high_perm,20,12,0.40135834451496955,4.8163001341796345,2.28538392825033,1,0.46333771059035833,1.3921856851955092
high_perm,20,7,1.522512779286602,10.657589455006214,5.944694960261632,1,0.46333771059035833,1.3921856851955092
high_perm,20,41,0.5791010322776944,23.74314232338547,7.792970617599168,0,0.46333771059035833,1.3921856851955092
high_perm,20,18,1.4404264703149596,25.927676465669272,10.893861442796714,1,0.46333771059035833,1.3921856851955092
high_perm,20,14,0.9257149708535731,12.960009591950024,5.871741290350912,0,0.46333771059035833,1.3921856851955092
high_perm,20,9,1.1605137122987093,10.444623410688383,5.402814203696504,0,0.46333771059035833,1.3921856851955092
high_perm,20,13,1.093979603458009,14.221734844954117,6.588242427893708,1,0.46333771059035833,1.3921856851955092
high_perm,20,37,1.125929026084191,41.659373965115066,14.101074986919626,0,0.46333771059035833,1.3921856851955092
high_perm,20,27,0.8638866447344782,23.32493940783091,8.677835135338912,0,0.46333771059035833,1.3921856851955092
high_perm,20,12,0.6289462159982803,7.547354591979364,3.5812973454267367,0,0.46333771059035833,1.3921856851955092
high_perm,20,37,0.9942854045808669,36.78855996949208,12.4523773022849,0,0.46333771059035833,1.3921856851955092
high_perm,20,17,1.0020001740055893,17.034002958095016,7.280849297584704,1,0.46333771059035833,1.3921856851955092
high_perm,21,94,0.7559281016404913,71.05724155420619,18.183186285359362,0,0.42514278105016284,1.323027696086201
high_perm,21,20,1.1785747673659208,23.571495347318418,9.595732570059521,1,0.42514278105016284,1.323027696086201
high_perm,21,14,1.6244078952928056,22.74171053409928,10.303498605373097,1,0.42514278105016284,1.323027696086201
high_perm,21,23,1.1230921120377302,25.831118576867794,10.083814833273825,1,0.42514278105016284,1.323027696086201
high_perm,21,11,1.1630042177462796,12.793046395209075,6.230977303846508,0,0.42514278105016284,1.323027696086201
high_perm,21,14,1.2950532698813955,18.130745778339538,8.214426683577278,1,0.42514278105016284,1.323027696086201
high_perm,21,16,0.7500836474913568,12.001338359861709,5.223885934742496,0,0.42514278105016284,1.323027696086201
high_perm,21,45,0.5153175878706056,23.18929145417725,7.401567854007333,1,0.42514278105016284,1.323027696086201
high_perm,21,14,1.756487251225496,24.590821517156947,11.141268148105928,1,0.42514278105016284,1.323027696086201
high_perm,21,78,0.6094493828153829,47.53705185959986,12.86482442452896,0,0.42514278105016284,1.323027696086201
high_perm,21,16,1.1405607028666616,18.248971245866585,7.943326098831963,1,0.42514278105016284,1.323027696086201
high_perm,21,7,1.318401771240175,9.228812398681224,5.14773765561683,0,0.42514278105016284,1.323027696086201
high_perm,22,17,0.9682780422195746,16.46072671773277,7.03581365198621,0,0.4219976154310459,1.339789802661476
high_perm,22,17,1.0716472485924289,18.21800322607129,7.786926908387188,1,0.4219976154310459,1.339789802661476
high_perm,22,37,0.5943148219323132,21.98964841149559,7.443167087583978,1,0.4219976154310459,1.339789802661476
high_perm,22,54,0.6118499890485959,33.03989940862418,9.98436820191925,0,0.4219976154310459,1.339789802661476
high_perm,22,19,1.1276560657183055,21.425465248647804,8.857357643079954,1,0.4219976154310459,1.339789802661476
high_perm,22,13,1.1576136618817385,15.048977604462602,6.971464018352158,1,0.4219976154310459,1.339789802661476
high_perm,22,42,0.7767075500869167,32.621717103650504,10.629969784963931,1,0.4219976154310459,1.339789802661476
high_perm,22,28,0.7631712301188873,21.368794443328845,7.863802760252802,1,0.4219976154310459,1.339789802661476
high_perm,22,48,1.114863234480687,53.51343525507298,16.752917887957093,1,0.4219976154310459,1.339789802661476
high_perm,22,23,1.4616721424133556,33.61845927550718,13.12379552226413,0,0.4219976154310459,1.339789802661476
high_perm,22,49,0.7491185013111215,36.70680656424495,11.42056997693082,1,0.4219976154310459,1.339789802661476
high_perm,22,18,0.560336292742107,10.086053269357926,4.2377907239986765,0,0.4219976154310459,1.339789802661476
high_perm,22,34,1.1130671973788293,37.844284710880196,13.138827959664463,0,0.4219976154310459,1.339789802661476
high_perm,22,20,0.5918716517952338,11.837433035904677,4.818906906618946,0,0.4219976154310459,1.339789802661476
high_perm,22,24,0.5599584041485658,13.43900169956558,5.1796884254003155,0,0.4219976154310459,1.339789802661476
high_perm,23,25,0.9458049154667801,23.645122886669505,9.002426262925871,0,0.4063762343577096,1.2850681042498662
high_perm,23,27,0.9453488546205958,25.524419074756086,9.496131877696099,0,0.4063762343577096,1.2850681042498662
high_perm,23,24,1.3613720957570912,32.672930298170186,12.59286981821083,0,0.4063762343577096,1.2850681042498662
high_perm,23,10,1.5282900505504458,15.282900505504458,7.659594626154619,1,0.4063762343577096,1.2850681042498662
high_perm,23,21,0.5687785308068368,11.944349146943573,4.791778133974435,1,0.4063762343577096,1.2850681042498662
high_perm,23,32,0.9862021965715829,31.558470290290654,11.157604173069355,1,0.4063762343577096,1.2850681042498662
high_perm,23,7,1.1606797206066226,8.124758044246358,4.531907370131319,1,0.4063762343577096,1.2850681042498662
high_perm,23,16,0.9558990668097557,15.29438506895609,6.657267768523776,0,0.4063762343577096,1.2850681042498662
high_perm,23,14,1.0035089434556501,14.049125208379103,6.3651826793854385,1,0.4063762343577096,1.2850681042498662
high_perm,23,18,1.1812334990546627,21.26220298298393,8.933600107666527,1,0.4063762343577096,1.2850681042498662
high_perm,23,14,0.7513966171372127,10.519552639920978,4.7660529225387736,0,0.4063762343577096,1.2850681042498662
high_perm,23,7,1.3166250295593314,9.21637520691532,5.140800316594463,0,0.4063762343577096,1.2850681042498662
high_perm,23,70,0.9577821043652467,67.04474730556727,18.742837774518847,1,0.4063762343577096,1.2850681042498662
high_perm,23,21,0.681763884766978,14.317041580106538,5.743643788603779,1,0.4063762343577096,1.2850681042498662
high_perm,24,24,1.0727321490234896,25.745571576563748,9.92291258544549,0,0.35029788028125514,1.298836258866803
high_perm,24,10,1.1516649811741315,11.516649811741315,5.771997859800675,1,0.35029788028125514,1.298836258866803
high_perm,24,11,0.30883108578708884,3.397141943657977,1.6546109265112168,1,0.35029788028125514,1.298836258866803
high_perm,24,20,0.7445706496507483,14.891412993014965,6.062153230662026,0,0.35029788028125514,1.298836258866803
high_perm,24,26,0.6397059434666217,16.632354530132165,6.2583771173216105,0,0.35029788028125514,1.298836258866803
high_perm,24,9,1.0745767354807931,9.671190619327138,5.002731452364855,0,0.35029788028125514,1.298836258866803
high_perm,24,47,0.6736854039801108,31.663213987065205,9.975292488361843,1,0.35029788028125514,1.298836258866803
high_perm,24,12,1.2373926841085983,14.84871220930318,7.045866597376436,1,0.35029788028125514,1.298836258866803
high_perm,24,35,0.7762276944272036,27.167969304952127,9.350541554193317,1,0.35029788028125514,1.298836258866803
high_perm,24,14,0.8986272918568847,12.580782085996386,5.699926154772009,1,0.35029788028125514,1.298836258866803
high_perm,24,12,0.8978540665095066,10.77424879811408,5.112491820731281,0,0.35029788028125514,1.298836258866803
high_perm,24,13,0.6188661585072269,8.04526006059395,3.7269801646913474,1,0.35029788028125514,1.298836258866803
high_perm,24,8,1.0801859989029845,8.641487991223876,4.630858752909905,1,0.35029788028125514,1.298836258866803
high_perm,24,16,1.031606996140805,16.50571193825288,7.184528412724801,1,0.35029788028125514,1.298836258866803
high_perm,24,31,0.6159691422980371,19.09504341123915,6.81572629700046,0,0.35029788028125514,1.298836258866803
high_perm,24,16,1.3992428001276072,22.387884802041714,9.744892862713074,0,0.35029788028125514,1.298836258866803
high_perm,24,8,0.9704225109630027,7.7633800877040215,4.160292378791925,0,0.35029788028125514,1.298836258866803
high_perm,25,27,1.0208258493535922,27.56229793254699,10.254306484047488,1,0.4974970158827582,1.325632481272319
high_perm,25,32,0.6192939151908676,19.817405286107764,7.006510831664466,1,0.4974970158827582,1.325632481272319
high_perm,25,8,1.23452189036092,9.87617512288736,5.292511204035893,0,0.4974970158827582,1.325632481272319
high_perm,25,11,1.196705046348828,13.163755509837108,6.411534772976093,1,0.4974970158827582,1.325632481272319
high_perm,25,33,0.6740746573785327,22.24446369349158,7.792337557578407,0,0.4974970158827582,1.325632481272319
high_perm,25,16,0.9956167147092807,15.929867435348491,6.933877534537606,0,0.4974970158827582,1.325632481272319
high_perm,25,19,0.6588851166475426,12.518817216303308,5.175320118667812,1,0.4974970158827582,1.325632481272319
high_perm,25,9,1.494764237105306,13.452878133947754,6.958929796196514,1,0.4974970158827582,1.325632481272319
high_perm,25,15,1.0192100890421156,15.288151335631735,6.784652292947296,1,0.4974970158827582,1.325632481272319
high_perm,25,16,1.2083224071194365,19.333158513910984,8.415246017289231,1,0.4974970158827582,1.325632481272319
high_perm,25,29,0.9319832467522257,27.027514155814544,9.84207576893747,0,0.4974970158827582,1.325632481272319
high_perm,25,23,0.7806773363252504,17.95557873548076,7.009403431526187,1,0.4974970158827582,1.325632481272319
high_perm,25,10,0.3757212823568944,3.7572128235689437,1.8830671011934312,1,0.4974970158827582,1.325632481272319
high_perm,25,57,0.8632611109759556,49.20588332562947,14.63034528313456,0,0.4974970158827582,1.325632481272319
high_perm,26,22,0.9387599933931084,20.652719854648385,8.170534155262214,0,0.4602702347285519,1.2855899986166541
high_perm,26,16,1.0486650310279007,16.77864049644641,7.303327467762291,1,0.4602702347285519,1.2855899986166541
high_perm,26,13,1.0961414238191376,14.24983850964879,6.601261497517723,1,0.4602702347285519,1.2855899986166541
high_perm,26,22,0.6119884799599286,13.463746559118428,5.326465564501024,1,0.4602702347285519,1.2855899986166541
high_perm,26,45,1.1054266700059645,49.744200150268405,15.877374842740595,0,0.4602702347285519,1.2855899986166541
high_perm,26,22,1.3750867297116545,30.251908053656397,11.968120894189111,0,0.4602702347285519,1.2855899986166541
high_perm,26,12,1.5994615777680574,19.19353893321669,9.107531545413522,1,0.4602702347285519,1.2855899986166541
high_perm,26,18,0.8668625296851226,15.603525534332206,6.556030788768478,1,0.4602702347285519,1.2855899986166541
high_perm,26,16,1.1166334111078218,17.86613457772515,7.7766867602814935,1,0.4602702347285519,1.2855899986166541
high_perm,26,8,1.0335658025580161,8.268526420464129,4.4309935958668305,1,0.4602702347285519,1.2855899986166541
high_perm,26,26,0.7141470564647615,18.567823468083798,6.986650104205027,1,0.4602702347285519,1.2855899986166541
high_perm,26,26,0.6020176387547704,15.65245860762403,5.889664545227771,0,0.4602702347285519,1.2855899986166541
high_perm,26,23,0.8300223024537597,19.090512956436474,7.452453022971756,0,0.4602702347285519,1.2855899986166541
high_perm,27,8,1.0754287574119206,8.603430059295365,4.610464012169909,1,0.4452384635499401,1.3195656744770348
high_perm,27,60,0.45088531979589935,27.05311918775396,7.920853315745917,0,0.4452384635499401,1.3195656744770348
high_perm,27,37,1.2518044053045523,46.31676299626844,15.67753151328378,1,0.4452384635499401,1.3195656744770348
high_perm,27,72,0.6390474517663077,46.011416527174156,12.754570977113989,0,0.4452384635499401,1.3195656744770348
high_perm,27,13,1.0840710635388882,14.092923826005546,6.528570508154726,1,0.4452384635499401,1.3195656744770348
high_perm,27,42,0.4759481436157427,19.989822031861195,6.513795810635369,0,0.4452384635499401,1.3195656744770348
high_perm,27,15,1.0681514731806305,16.022272097709457,7.110444077865223,1,0.4452384635499401,1.3195656744770348
high_perm,27,13,1.6756100425431588,21.782930553061064,10.090978972544757,1,0.4452384635499401,1.3195656744770348
high_perm,27,9,0.6313558404380543,5.6822025639424885,2.9393002996482194,1,0.4452384635499401,1.3195656744770348
high_perm,27,50,0.9671165929557328,48.35582964778664,14.95401588490881,0,0.4452384635499401,1.3195656744770348
high_perm,27,20,0.723893612825367,14.47787225650734,5.893804712424974,1,0.4452384635499401,1.3195656744770348
high_perm,27,23,1.3171896110273542,30.295361053629147,11.826542093517613,1,0.4452384635499401,1.3195656744770348
high_perm,28,14,1.0305118599608687,14.427166039452162,6.536460172777807,1,0.4376688238625717,1.3248569496100955
high_perm,28,17,0.948537600047296,16.125139200804032,6.892373372979588,1,0.4376688238625717,1.3248569496100955
high_perm,28,21,0.5021017039859569,10.544135783705094,4.230047084896567,1,0.4376688238625717,1.3248569496100955
high_perm,28,33,0.5313357497161327,17.53407974063238,6.142268475570432,1,0.4376688238625717,1.3248569496100955
high_perm,28,34,0.8912297905464956,30.30181287858085,10.520222784476534,1,0.4376688238625717,1.3248569496100955
high_perm,28,11,1.0908842840769977,11.999727124846974,5.844583460220528,0,0.4376688238625717,1.3248569496100955
high_perm,28,12,0.17151359879031902,2.0581631854838283,0.9766195907187641,1,0.4376688238625717,1.3248569496100955
high_perm,28,8,0.9457747041004294,7.566197632803435,4.054624917571822,0,0.4376688238625717,1.3248569496100955
high_perm,28,105,0.777717914903995,81.66038106491948,20.21410943207617,0,0.4376688238625717,1.3248569496100955
high_perm,28,30,0.7806356094091423,23.41906828227427,8.441764577218624,1,0.4376688238625717,1.3248569496100955
high_perm,28,16,0.8553984770216827,13.686375632346923,5.95734100811098,1,0.4376688238625717,1.3248569496100955
high_perm,28,8,1.3188522929537274,10.55081834362982,5.654043554371785,1,0.4376688238625717,1.3248569496100955
high_perm,28,31,0.9199962813587734,28.519884722121976,10.179800281238226,0,0.4376688238625717,1.3248569496100955
high_perm,29,17,0.651406794727949,11.073915510375134,4.733327225759979,0,0.4540064247037512,1.31788497499868
high_perm,29,19,1.0651532903235101,20.237912516146693,8.366419446419648,1,0.4540064247037512,1.31788497499868
high_perm,29,7,1.0888788922898665,7.622152246029065,4.251558969747296,1,0.4540064247037512,1.31788497499868
high_perm,29,18,1.5558194724861059,28.004750504749907,11.76657199278122,1,0.4540064247037512,1.31788497499868
high_perm,29,11,0.9457787614231421,10.403566375654563,5.067157888995121,1,0.4540064247037512,1.31788497499868
high_perm,29,9,0.9772239851159189,8.79501586604327,4.549502148078203,0,0.4540064247037512,1.31788497499868
high_perm,29,32,0.9969138681029259,31.90124377929363,11.278792902311844,1,0.4540064247037512,1.31788497499868
high_perm,29,10,0.4763710421250935,4.763710421250935,2.3875108478281635,1,0.4540064247037512,1.31788497499868
high_perm,29,8,0.9627272118690405,7.701817694952324,4.127301909371172,0,0.4540064247037512,1.31788497499868
high_perm,29,20,1.485173470867513,29.703469417350263,12.0920011535993,0,0.4540064247037512,1.31788497499868
high_perm,29,11,1.07075937363663,11.77835311000293,5.736761099576922,0,0.4540064247037512,1.31788497499868
high_perm,29,7,1.337296995598414,9.361078969188897,5.221514602873765,0,0.4540064247037512,1.31788497499868
high_perm,29,8,0.9610392942966226,7.688314354372981,4.120065648326907,1,0.4540064247037512,1.31788497499868
high_perm,29,43,0.46437693709748457,19.968208295191836,6.460982453875945,0,0.4540064247037512,1.31788497499868
low_perm,0,7,1.3554975471788395,9.488482830251877,5.292579180279043,0,0.49320041051553154,1.2176945046897025
low_perm,0,15,0.5469605637195857,8.204408455793786,3.6409934347093085,0,0.49320041051553154,1.2176945046897025
low_perm,0,12,1.1213785700027545,13.456542840033055,6.3852679192846535,1,0.49320041051553154,1.2176945046897025
low_perm,0,16,0.7736321637391496,12.378114619826393,5.387887327416927,1,0.49320041051553154,1.2176945046897025
low_perm,0,56,0.660989330050217,37.01540248281215,11.064354139508808,0,0.49320041051553154,1.2176945046897025
low_perm,0,42,0.9873338918765183,41.46802345881377,13.512588408782385,1,0.49320041051553154,1.2176945046897025
low_perm,0,10,0.6665662848634224,6.6656628486342235,3.3407451233990697,0,0.49320041051553154,1.2176945046897025
low_perm,0,20,0.2458302495252443,4.916604990504886,2.0015033389416303,1,0.49320041051553154,1.2176945046897025
low_perm,0,10,0.9231373467959655,9.231373467959655,4.626646530986897,1,0.49320041051553154,1.2176945046897025
low_perm,0,78,0.8938069810404979,69.71694452115884,18.867309090355615,0,0.49320041051553154,1.2176945046897025
low_perm,0,11,0.8923658238322425,9.816024062154668,4.780989707674499,0,0.49320041051553154,1.2176945046897025
low_perm,0,92,0.8162803774116635,75.09779472187304,19.34153044719641,0,0.49320041051553154,1.2176945046897025
low_perm,0,11,0.7538192531242611,8.292011784366872,4.0387047490867305,0,0.49320041051553154,1.2176945046897025
low_perm,1,24,1.6052661916723565,38.526388600136556,14.848922082586885,0,0.39626414170214935,1.250120703259822
low_perm,1,17,0.6641292522894651,11.290197288920906,4.825772615095608,0,0.39626414170214935,1.250120703259822
low_perm,1,7,0.9556301987928927,6.689411391550249,3.7312856114743567,1,0.39626414170214935,1.250120703259822
low_perm,1,25,0.5142527206767276,12.85631801691819,4.894796086058044,1,0.39626414170214935,1.250120703259822
low_perm,1,9,0.7207867795224777,6.4870810157023,3.3556493206159894,1,0.39626414170214935,1.250120703259822
low_perm,1,12,1.2932921805881508,15.51950616705781,7.364165226513048,1,0.39626414170214935,1.250120703259822
low_perm,1,13,1.2201755363161564,15.862281972110033,7.348228625493402,0,0.39626414170214935,1.250120703259822
low_perm,1,14,0.759235286117932,10.629294005651047,4.815773017562237,0,0.39626414170214935,1.250120703259822
low_perm,1,41,0.8179759916043559,33.53701565577859,11.007514256022883,1,0.39626414170214935,1.250120703259822
low_perm,1,22,0.9374886464686292,20.624750222309842,8.159468937802211,0,0.39626414170214935,1.250120703259822
low_perm,1,12,1.012510839653158,12.150130075837895,5.765361631932556,0,0.39626414170214935,1.250120703259822
low_perm,1,17,0.9297102819015829,15.80507479232691,6.7555681411515,0,0.39626414170214935,1.250120703259822
low_perm,1,43,0.45652988137729433,19.630784899223656,6.351804574286088,0,0.39626414170214935,1.250120703259822
low_perm,2,21,1.1449995144178924,24.04498980277574,9.646256564600016,1,0.5056988211855966,1.4050686993809176
low_perm,2,14,1.151021004658169,16.114294065214366,7.300840725175655,0,0.5056988211855966,1.4050686993809176
low_perm,2,13,0.5920652317561198,7.696848012829557,3.5655777014549357,1,0.5056988211855966,1.4050686993809176
low_perm,2,15,1.7125619914975152,25.688429872462727,11.400139939105214,1,0.5056988211855966,1.4050686993809176
low_perm,2,34,1.174365821465162,39.92843792981551,13.862406983402737,1,0.5056988211855966,1.4050686993809176
low_perm,2,9,1.5991093793391933,14.39198441405274,7.4447124376021945,0,0.5056988211855966,1.4050686993809176
low_perm,2,29,0.8055585965034211,23.36119929859921,8.506986333428598,0,0.5056988211855966,1.4050686993809176
low_perm,2,24,0.9718471591693875,23.3243318200653,8.989713243543516,0,0.5056988211855966,1.4050686993809176
low_perm,2,13,1.062542621596509,13.813054080754618,6.3989203810747535,0,0.5056988211855966,1.4050686993809176
low_perm,2,7,1.0364461056558574,7.255122739591002,4.046833645470072,0,0.5056988211855966,1.4050686993809176
low_perm,2,25,0.8978796242585669,22.446990606464173,8.546260416062768,0,0.5056988211855966,1.4050686993809176
low_perm,3,7,0.8628771972502253,6.040140380751577,3.3691288477865036,1,0.4840658510833197,1.3054810613081087
low_perm,3,8,1.494348050510971,11.954784404087768,6.406410337322011,1,0.4840658510833197,1.3054810613081087
low_perm,3,7,1.8017439594156672,12.61220771590967,7.034961138545506,0,0.4840658510833197,1.3054810613081087
low_perm,3,117,0.6168264219506375,72.16869136822459,17.293905113513365,0,0.4840658510833197,1.3054810613081087
low_perm,3,12,1.189701220800557,14.276414649606686,6.774305521723074,1,0.4840658510833197,1.3054810613081087
low_perm,3,19,1.2104453149785783,22.998460984592988,9.507639242224483,1,0.4840658510833197,1.3054810613081087
low_perm,3,15,0.5531720738250884,8.297581107376326,3.6823420602116044,1,0.4840658510833197,1.3054810613081087
low_perm,3,23,1.3248801167661828,30.472242685622206,11.895592205270132,0,0.4840658510833197,1.3054810613081087
low_perm,3,18,1.348323680463933,24.269826248350792,10.197293411168749,0,0.4840658510833197,1.3054810613081087
low_perm,3,57,0.8238043224832565,46.956846381545624,13.961640957094467,1,0.4840658510833197,1.3054810613081087
low_perm,3,29,1.1234170063194808,32.579093183264945,11.86368460467482,0,0.4840658510833197,1.3054810613081087
low_perm,3,14,0.6313078606439125,8.838310049014776,4.004338861288983,0,0.4840658510833197,1.3054810613081087
low_perm,3,7,1.3629283748918126,9.540498624242689,5.321593060922187,0,0.4840658510833197,1.3054810613081087
low_perm,3,21,0.7420793318658367,15.583665969182572,6.251782237745342,0,0.4840658510833197,1.3054810613081087
low_perm,4,12,1.3422548695408327,16.107058434489993,7.642964817814945,1,0.4637955799995229,1.4136870433043789
low_perm,4,27,1.090061463276288,29.431659508459774,10.949785742555754,0,0.4637955799995229,1.4136870433043789
low_perm,4,15,0.8046612097373452,12.069918146060179,5.356448665869353,1,0.4637955799995229,1.4136870433043789
low_perm,4,34,0.6796257914065953,23.10727690782424,8.022414433980428,1,0.4637955799995229,1.4136870433043789
low_perm,4,48,0.517159433428306,24.823652804558684,7.771293603777827,0,0.4637955799995229,1.4136870433043789
low_perm,4,24,1.3125970478265225,31.50232914783654,12.141694249914005,1,0.4637955799995229,1.4136870433043789
low_perm,4,41,0.653506239620459,26.79375582443882,8.794242524053809,1,0.4637955799995229,1.4136870433043789
low_perm,4,9,0.9663654947269897,8.697289452542908,4.498950047329817,0,0.4637955799995229,1.4136870433043789
low_perm,4,7,1.1655317532720164,8.158722272904114,4.550852271300888,1,0.4637955799995229,1.4136870433043789
low_perm,4,7,0.562358669523738,3.9365106866661663,2.1957456082198816,0,0.4637955799995229,1.4136870433043789
low_perm,4,21,0.7240452770409669,15.204950817860304,6.099851064369083,0,0.4637955799995229,1.4136870433043789
low_perm,4,30,1.3409110360476324,40.22733108142897,14.500562296762501,0,0.4637955799995229,1.4136870433043789
low_perm,4,48,0.7724710288866122,37.07860938655739,11.607830734315357,0,0.4637955799995229,1.4136870433043789
low_perm,4,17,1.0916339114340072,18.557776494378125,7.932156304435532,0,0.4637955799995229,1.4136870433043789
low_perm,4,50,0.8535311319439931,42.67655659719966,13.197703563689032,0,0.4637955799995229,1.4136870433043789
low_perm,4,19,1.1413532332794207,21.685711432308995,8.964944269423077,0,0.4637955799995229,1.4136870433043789
low_perm,5,9,0.749715379015765,6.747438411141885,3.4903274778656734,1,0.42144527160598044,1.3334432178304136
low_perm,5,37,0.5479175789926517,20.272950422728112,6.862090495079849,1,0.42144527160598044,1.3334432178304136
low_perm,5,9,1.2642943406199192,11.378649065579273,5.885968729851778,1,0.42144527160598044,1.3334432178304136
low_perm,5,24,0.6305440241856736,15.133056580456167,5.832614636342423,1,0.42144527160598044,1.3334432178304136
low_perm,5,12,1.4486172975670215,17.38340757080426,8.248605604664633,1,0.42144527160598044,1.3334432178304136
low_perm,5,8,1.5332562188523124,12.2660497508185,6.573213306538589,0,0.42144527160598044,1.3334432178304136
low_perm,5,11,1.5568645569662303,17.125510126628534,8.341145777113553,0,0.42144527160598044,1.3334432178304136
low_perm,5,13,0.8374843950688855,10.887297135895512,5.043558588159283,1,0.42144527160598044,1.3334432178304136
low_perm,5,8,1.0560860144322732,8.448688115458186,4.527539857696924,1,0.42144527160598044,1.3334432178304136
low_perm,5,28,0.7887957538149909,22.086281106819744,8.127840753587787,1,0.42144527160598044,1.3334432178304136
low_perm,5,13,0.8462173846766345,11.000826000796248,5.096151024502943,0,0.42144527160598044,1.3334432178304136
low_perm,5,20,1.3619389201585794,27.238778403171587,11.088648778563073,0,0.42144527160598044,1.3334432178304136
low_perm,5,13,0.8241005713112328,10.713307427046027,4.962957564841389,0,0.42144527160598044,1.3334432178304136
low_perm,5,10,1.1255268601352468,11.25526860135247,5.6409969340437405,0,0.42144527160598044,1.3334432178304136
low_perm,6,23,0.8830054441601528,20.309125215683515,7.928168402436933,1,0.4497773181109095,1.3689423188198406
low_perm,6,22,1.2891468716908707,28.361231177199155,11.220139993640485,1,0.4497773181109095,1.3689423188198406
low_perm,6,25,1.1651184565205512,29.127961413013782,11.08991169412956,0,0.4497773181109095,1.3689423188198406
low_perm,6,8,0.969342935277657,7.754743482221256,4.155664136510514,0,0.4497773181109095,1.3689423188198406
low_perm,6,19,1.0922255275236845,20.752285022950005,8.579062728684525,1,0.4497773181109095,1.3689423188198406
low_perm,6,20,0.8531343589419288,17.062687178838576,6.9460583930813184,1,0.4497773181109095,1.3689423188198406
low_perm,6,26,0.7909110816185373,20.56368812208197,7.7376486268269415,1,0.4497773181109095,1.3689423188198406
low_perm,6,48,0.5488400142809337,26.344320685484817,8.247353943066065,1,0.4497773181109095,1.3689423188198406
low_perm,6,9,1.0679883236270529,9.611894912643475,4.97205885904178,1,0.4497773181109095,1.3689423188198406
low_perm,6,14,1.3988583914914767,19.584017480880675,8.872854858446045,0,0.4497773181109095,1.3689423188198406
low_perm,6,26,1.2705160126196158,33.03341632811001,12.429724034577742,0,0.4497773181109095,1.3689423188198406
low_perm,6,24,1.154341504912768,27.704196117906434,10.67780979383156,0,0.4497773181109095,1.3689423188198406
low_perm,6,10,0.6302267567156667,6.302267567156667,3.158616047562129,0,0.4497773181109095,1.3689423188198406
low_perm,7,42,0.4157391446805808,17.461044076584393,5.689779307394122,1,0.4928475424146006,1.374748077945469
low_perm,7,16,1.0660230655962346,17.056369049539754,7.424215841931704,1,0.4928475424146006,1.374748077945469
low_perm,7,23,1.0208458116680608,23.479453668365398,9.165784380326965,0,0.4928475424146006,1.374748077945469
low_perm,7,29,0.8519280374858869,24.705913087090718,8.996664182363185,0,0.4928475424146006,1.374748077945469
low_perm,7,22,0.4187327839906168,9.21212124779357,3.644457089780031,0,0.4928475424146006,1.374748077945469
low_perm,7,11,0.7886934143526151,8.675627557878766,4.225548531584486,1,0.4928475424146006,1.374748077945469
low_perm,7,11,1.1055332507799107,12.160865758579018,5.923067594377441,0,0.4928475424146006,1.374748077945469
low_perm,7,23,0.9806086634294731,22.55399925887788,8.804510404748301,1,0.4928475424146006,1.374748077945469
low_perm,7,50,0.6045368298365352,30.22684149182676,9.347635458056663,1,0.4928475424146006,1.374748077945469
low_perm,7,11,0.5121816731058165,5.6339984041639815,2.7440935569029095,1,0.4928475424146006,1.374748077945469
low_perm,7,34,1.1038752469322046,37.53175839569496,13.030324667305862,0,0.4928475424146006,1.374748077945469
low_perm,7,19,0.8700596429992087,16.531133216984966,6.834024720068826,0,0.4928475424146006,1.374748077945469
low_perm,7,13,0.9342625319733764,12.145412915653893,5.626382825129754,0,0.4928475424146006,1.374748077945469
low_perm,8,23,0.658103282161283,15.13637548970951,5.908857846435657,0,0.40120039381105566,1.3697031707868697
low_perm,8,13,1.2367700794494452,16.078011032842788,7.448165473307258,1,0.40120039381105566,1.3697031707868697
low_perm,8,22,0.9023309667017301,19.85128126743806,7.853472703006411,1,0.40120039381105566,1.3697031707868697
low_perm,8,9,1.2836558736143255,11.55290286252893,5.976107057696535,0,0.40120039381105566,1.3697031707868697
low_perm,8,14,1.5336711892177508,21.47139664904851,9.727962419412885,0,0.40120039381105566,1.3697031707868697
low_perm,8,47,0.7213798102782466,33.90485108307759,10.68150587827925,1,0.40120039381105566,1.3697031707868697
low_perm,8,16,1.181348863838378,18.901581821414048,8.227391350909889,1,0.40120039381105566,1.3697031707868697
low_perm,8,67,0.6437249021721351,43.12956844553305,12.216665191233691,1,0.40120039381105566,1.3697031707868697
low_perm,8,9,0.853073496723993,7.677661470515937,3.9715149903468827,1,0.40120039381105566,1.3697031707868697
low_perm,8,25,1.1403519619592226,28.508799048980567,10.854177519530268,0,0.40120039381105566,1.3697031707868697
low_perm,8,7,1.440261057587368,10.081827403111577,5.623540745919084,0,0.40120039381105566,1.3697031707868697
low_perm,9,26,0.7646277497975759,19.88032149473697,7.480513291263409,1,0.5391565802999204,1.2683407443279726
low_perm,9,25,1.1505172440320737,28.762931100801843,10.950933415810972,0,0.5391565802999204,1.2683407443279726
low_perm,9,12,1.1871764311506128,14.246117173807352,6.759929057979263,1,0.5391565802999204,1.2683407443279726
low_perm,9,13,1.0142043113964616,13.184656048154,6.107813942576274,1,0.5391565802999204,1.2683407443279726
low_perm,9,33,1.1024770847624377,36.381743797160446,12.744691555937868,1,0.5391565802999204,1.2683407443279726
low_perm,9,12,0.9054455177395324,10.865346212874389,5.1557184805735305,1,0.5391565802999204,1.2683407443279726
low_perm,9,65,0.3401062996547715,22.106909477560148,6.31908250736496,1,0.5391565802999204,1.2683407443279726
low_perm,9,15,0.9132665686407981,13.698998529611972,6.07941010947436,1,0.5391565802999204,1.2683407443279726
low_perm,9,17,0.579782989251352,9.856310817272984,4.212886064846851,0,0.5391565802999204,1.2683407443279726
low_perm,9,8,1.4525023002577786,11.620018402062229,6.2270136787568395,0,0.5391565802999204,1.2683407443279726
low_perm,9,42,0.7904616110150086,33.19938766263036,10.81820698192411,0,0.5391565802999204,1.2683407443279726
low_perm,9,21,0.5812533353016446,12.206320041334536,4.896874392300202,0,0.5391565802999204,1.2683407443279726
low_perm,9,11,1.14264122747341,12.56905350220751,6.1218793932004285,1,0.5391565802999204,1.2683407443279726
low_perm,9,29,0.8513943147193076,24.69043512685992,8.991027879429002,1,0.5391565802999204,1.2683407443279726
low_perm,9,7,1.5325810183761905,10.728067128633334,5.984006689521883,1,0.5391565802999204,1.2683407443279726
low_perm,9,10,1.2587412689753636,12.587412689753636,6.308650544502447,0,0.5391565802999204,1.2683407443279726
low_perm,9,8,0.8074433973958436,6.459547179166749,3.461585623316046,1,0.5391565802999204,1.2683407443279726
low_perm,9,10,0.8384187167309174,8.384187167309173,4.20204757259696,0,0.5391565802999204,1.2683407443279726
low_perm,9,10,1.2305693490482945,12.305693490482945,6.167456478360278,0,0.5391565802999204,1.2683407443279726
low_perm,10,11,0.4646628480069311,5.111291328076242,2.489504006685817,0,0.4610292134497809,1.3249166391438731
low_perm,10,41,1.0146244864098537,41.599603942804,13.653815776133944,0,0.4610292134497809,1.3249166391438731
low_perm,10,7,1.0063170393771086,7.04421927563976,3.9291938391568597,0,0.4610292134497809,1.3249166391438731
low_perm,10,29,0.9087255734890346,26.353041631182002,9.59646643715688,1,0.4610292134497809,1.3249166391438731
low_perm,10,9,1.143453704603849,10.291083341434643,5.323390711399813,1,0.4610292134497809,1.3249166391438731
low_perm,10,19,0.8583689388549792,16.309009838244606,6.742198186382851,1,0.4610292134497809,1.3249166391438731
low_perm,10,14,1.3657502707513616,19.120503790519063,8.66285250813685,1,0.4610292134497809,1.3249166391438731
low_perm,10,36,1.3159220807150593,47.37319490574214,16.167464828414378,0,0.4610292134497809,1.3249166391438731
low_perm,10,10,1.071833204334422,10.71833204334422,5.371891185902238,0,0.4610292134497809,1.3249166391438731
low_perm,10,32,0.2092858444059043,6.697147020988938,2.3677990365722814,1,0.4610292134497809,1.3249166391438731
low_perm,10,15,1.0696974316103247,16.04546147415487,7.120735175370628,0,0.4610292134497809,1.3249166391438731
low_perm,10,8,0.9991161995062486,7.992929596049989,4.283304914483656,1,0.4610292134497809,1.3249166391438731
low_perm,10,10,1.6161232131819279,16.16123213181928,8.099803224154687,0,0.4610292134497809,1.3249166391438731
low_perm,10,9,1.198103494576647,10.782931451189825,5.577814815453884,0,0.4610292134497809,1.3249166391438731
low_perm,10,16,1.0520055361982081,16.83208857917133,7.326592097023928,0,0.4610292134497809,1.3249166391438731
low_perm,11,10,0.26095260483884447,2.6095260483884446,1.3078611412701118,1,0.4573400733412977,1.3202077500900034
low_perm,11,8,1.0444292841831484,8.355434273465187,4.4775663611331,1,0.4573400733412977,1.3202077500900034
low_perm,11,27,0.926214339743877,25.00778717308468,9.303923598395878,0,0.4573400733412977,1.3202077500900034
low_perm,11,28,0.4455597005565348,12.475671615582975,4.591097600138919,0,0.4573400733412977,1.3202077500900034
low_perm,11,30,0.8187859456009833,24.5635783680295,8.854320900285959,0,0.4573400733412977,1.3202077500900034
low_perm,11,14,0.9332943287126438,13.066120601977014,5.919816594193536,1,0.4573400733412977,1.3202077500900034
low_perm,11,13,1.170953907331535,15.222400795309953,7.051802601259054,1,0.4573400733412977,1.3202077500900034
low_perm,11,41,0.8816371075933502,36.14712141132736,11.864202776218628,0,0.4573400733412977,1.3202077500900034
low_perm,11,13,1.553416726945951,20.19441745029736,9.355097623680622,1,0.4573400733412977,1.3202077500900034
low_perm,11,30,1.2662678880579394,37.988036641738184,13.6933740580548,1,0.4573400733412977,1.3202077500900034
low_perm,11,71,0.433273757410704,30.762436776159984,8.563340825607638,1,0.4573400733412977,1.3202077500900034
low_perm,11,11,1.0376848438652633,11.414533282517896,5.559559124557309,1,0.4573400733412977,1.3202077500900034
low_perm,11,12,1.3207994115226722,15.849592938272067,7.520794792952973,0,0.4573400733412977,1.3202077500900034
low_perm,11,23,1.2462593261412918,28.663964501249712,11.189686174758933,0,0.4573400733412977,1.3202077500900034
low_perm,11,14,1.0001821522296992,14.002550131215788,6.344081089780831,0,0.4573400733412977,1.3202077500900034
low_perm,11,40,0.5246047192939601,20.984188771758404,6.938637310432744,0,0.4573400733412977,1.3202077500900034
low_perm,11,8,1.103821696738633,8.830573573909064,4.732187207745003,0,0.4573400733412977,1.3202077500900034
low_perm,12,33,0.9849311648510191,32.50272844008363,11.385854702423751,0,0.47078554988704513,1.2047433270313304
low_perm,12,22,0.9024875212359088,19.854725467189994,7.854835281490445,1,0.47078554988704513,1.2047433270313304
low_perm,12,21,0.8590328597112705,18.03969005393668,7.237078494666197,1,0.47078554988704513,1.2047433270313304
low_perm,12,24,0.6461719396818574,15.508126552364576,5.97717489726359,1,0.47078554988704513,1.2047433270313304
low_perm,12,11,1.0741009863215358,11.815110849536895,5.754664313065041,0,0.47078554988704513,1.2047433270313304
low_perm,12,8,1.2168160498402993,9.734528398722395,5.216604604028289,1,0.47078554988704513,1.2047433270313304
low_perm,12,9,0.682517293296128,6.1426556396651515,3.1774843221668623,1,0.47078554988704513,1.2047433270313304
low_perm,12,8,1.1314388152408599,9.051510521926879,4.8505843866346305,0,0.47078554988704513,1.2047433270313304
low_perm,12,20,0.789569703950902,15.79139407901804,6.428527009336178,0,0.47078554988704513,1.2047433270313304
low_perm,12,7,1.0060530370664664,7.0423712594652645,3.9281630345377305,0,0.47078554988704513,1.2047433270313304
low_perm,12,22,1.0570882012780838,23.255940428117842,9.200408319968236,0,0.47078554988704513,1.2047433270313304
low_perm,12,7,1.5239286243079013,10.66750037015531,5.950223167891242,1,0.47078554988704513,1.2047433270313304
low_perm,12,96,0.8811813232439677,84.5934070314209,21.510729885072607,0,0.47078554988704513,1.2047433270313304
low_perm,13,10,1.1379654602905944,11.379654602905944,5.703337610064285,0,0.4540323427621829,1.3175240241164183
low_perm,13,31,1.3013938041318556,40.34320792808752,14.399981045289483,1,0.4540323427621829,1.3175240241164183
low_perm,13,42,0.7953260480018233,33.40369401607658,10.884781354974708,1,0.4540323427621829,1.3175240241164183
low_perm,13,26,0.9690503079246832,25.195308006041763,9.480421957289096,1,0.4540323427621829,1.3175240241164183
low_perm,13,17,1.1942842644658829,20.302832495920008,8.678046145732889,0,0.4540323427621829,1.3175240241164183
low_perm,13,22,0.6404502452039432,14.08990539448675,5.574183646526167,1,0.4540323427621829,1.3175240241164183
low_perm,13,24,0.8459689470083692,20.303254728200862,7.825323328667762,1,0.4540323427621829,1.3175240241164183
low_perm,13,11,0.964859345873792,10.613452804611711,5.1693851095348,1,0.4540323427621829,1.3175240241164183
low_perm,13,22,0.7867870306482764,17.30931467426208,6.847831556598024,1,0.4540323427621829,1.3175240241164183
low_perm,13,16,0.6664056572306476,10.662490515690362,4.641118562286912,1,0.4540323427621829,1.3175240241164183
low_perm,13,14,1.2002915445652245,16.80408162391314,7.613360099582424,0,0.4540323427621829,1.3175240241164183
low_perm,13,12,0.7902414118132155,9.482896941758586,4.49973208898467,0,0.4540323427621829,1.3175240241164183
low_perm,13,66,1.0904798383342347,71.97166933005948,20.4785119214709,1,0.4540323427621829,1.3175240241164183
low_perm,13,18,1.0084452152996093,18.152013875392967,7.626812388224931,1,0.4540323427621829,1.3175240241164183
low_perm,13,13,1.2640216627179726,16.432281615333643,7.612281912543852,1,0.4540323427621829,1.3175240241164183
low_perm,13,12,0.7864158412424342,9.436990094909211,4.477948818203503,0,0.4540323427621829,1.3175240241164183
low_perm,13,21,0.8325512802217183,17.483576884656085,7.013979614033102,0,0.4540323427621829,1.3175240241164183
low_perm,14,8,1.2834085058697462,10.26726804695797,5.502092712738193,0,0.4011700527695372,1.3205959929270532
low_perm,14,10,0.6188552274100882,6.188552274100882,3.1016233944143856,0,0.4011700527695372,1.3205959929270532
low_perm,14,9,1.3579088290239871,12.221179461215884,6.321794418304389,0,0.4011700527695372,1.3205959929270532
low_perm,14,26,1.2282532962205663,31.934585701734726,12.016259035652865,0,0.4011700527695372,1.3205959929270532
low_perm,14,36,0.656662728080591,23.639858210901277,8.067781304045486,0,0.4011700527695372,1.3205959929270532
low_perm,14,9,0.8915575677562378,8.024018109806141,4.150678996239783,1,0.4011700527695372,1.3205959929270532
low_perm,14,23,1.0304810521578778,23.70106419963119,9.252295522139805,1,0.4011700527695372,1.3205959929270532
low_perm,14,22,1.1967800921095453,26.329162026409996,10.41622213104281,1,0.4011700527695372,1.3205959929270532
low_perm,14,31,0.2666173172935406,8.265136836099758,2.9501326217962576,0,0.4011700527695372,1.3205959929270532
low_perm,14,7,1.715804753719987,12.01063327603991,6.699409036823654,0,0.4011700527695372,1.3205959929270532
low_perm,14,13,1.1954183720873948,15.540438837136133,7.199134255497206,0,0.4011700527695372,1.3205959929270532
low_perm,14,17,1.3408436250300309,22.794341625510526,9.742992684766113,0,0.4011700527695372,1.3205959929270532
low_perm,14,7,1.4346057823490934,10.042240476443654,5.601459561008691,0,0.4011700527695372,1.3205959929270532
low_perm,14,21,0.8969550240216984,18.836055504455665,7.556560661965873,0,0.4011700527695372,1.3205959929270532
low_perm,15,26,0.9509881759203261,24.72569257392848,9.303716339996347,1,0.44972445006841966,1.287292247428827
low_perm,15,11,0.7233469893501266,7.956816882851393,3.87544482184296,1,0.44972445006841966,1.287292247428827
low_perm,15,15,1.3110623868821312,19.665935803231967,8.7274473879244,1,0.44972445006841966,1.287292247428827
low_perm,15,16,1.3126041055643094,21.00166568902895,9.141505947870517,1,0.44972445006841966,1.287292247428827
low_perm,15,36,1.132595241465285,40.77342869275026,13.915104852765566,1,0.44972445006841966,1.287292247428827
low_perm,15,99,0.6597348934557612,65.31375445212036,16.45561397155162,1,0.44972445006841966,1.287292247428827
low_perm,15,7,1.3328447263837737,9.329913084686416,5.2041305896017045,1,0.44972445006841966,1.287292247428827
low_perm,15,7,0.5765719087562926,4.036003361294048,2.2512416098195205,1,0.44972445006841966,1.287292247428827
low_perm,15,11,0.8842789565880662,9.727068522468729,4.737663049448505,1,0.44972445006841966,1.287292247428827
low_perm,15,27,0.9174653693893701,24.77156497351299,9.21603924134147,1,0.44972445006841966,1.287292247428827
low_perm,15,33,1.29531989645836,42.74555658312588,14.973964334313964,0,0.44972445006841966,1.287292247428827
low_perm,15,13,0.926292230375808,12.041798994885504,5.578383503220802,0,0.44972445006841966,1.287292247428827
low_perm,15,17,0.7113288631654175,12.092590673812099,5.168739874590847,0,0.44972445006841966,1.287292247428827
low_perm,15,12,1.345381427756222,16.144577133074662,7.660767826009093,0,0.44972445006841966,1.287292247428827
low_perm,16,8,0.40271137982861893,3.2216910386289515,1.7264614798467488,1,0.38964645854513374,1.266301218400246
low_perm,16,10,0.8124779042463726,8.124779042463725,4.072035532125232,1,0.38964645854513374,1.266301218400246
low_perm,16,24,0.754846311120013,18.116311466880312,6.982427036896667,0,0.38964645854513374,1.266301218400246
low_perm,16,8,0.9767805295785894,7.814244236628715,4.187549801297916,0,0.38964645854513374,1.266301218400246
low_perm,16,7,1.3996081901348894,9.797257330944225,5.464810455078325,0,0.38964645854513374,1.266301218400246
low_perm,16,14,0.6252085224955718,8.752919314938005,3.9656512125233996,0,0.38964645854513374,1.266301218400246
low_perm,16,25,1.587505634049123,39.687640851228075,15.110306764956302,0,0.38964645854513374,1.266301218400246
low_perm,16,18,1.1073366571848564,19.932059829327414,8.37472259952555,1,0.38964645854513374,1.266301218400246
low_perm,16,8,1.4354650498064627,11.483720398451702,6.15397338712362,0,0.38964645854513374,1.266301218400246
low_perm,16,37,1.0486054310492334,38.79840094882164,13.132678412547438,0,0.38964645854513374,1.266301218400246
low_perm,16,10,0.6682296263827587,6.682296263827587,3.349081578745605,1,0.38964645854513374,1.266301218400246
low_perm,16,10,1.5399741389645187,15.399741389645188,7.718153785651676,1,0.38964645854513374,1.266301218400246
low_perm,16,20,0.4362310863133573,8.724621726267145,3.5517108960045163,1,0.38964645854513374,1.266301218400246
low_perm,16,16,1.5229970258862129,24.367952414179406,10.606767350268514,0,0.38964645854513374,1.266301218400246
low_perm,16,32,0.9579979805479393,30.655935377534057,10.838509894535457,0,0.38964645854513374,1.266301218400246
low_perm,17,19,1.0514056912366678,19.97670813349669,8.258436697470147,0,0.4671981490597716,1.3895693959110316
low_perm,17,11,0.9725135030196573,10.697648533216231,5.210393455616625,1,0.4671981490597716,1.3895693959110316
low_perm,17,15,1.4464538620295333,21.696807930443,9.62871798186804,1,0.4671981490597716,1.3895693959110316
low_perm,17,12,0.7907598537091074,9.489118244509289,4.5026841610987685,1,0.4671981490597716,1.3895693959110316
low_perm,17,66,0.89590292840948,59.129593275025684,16.824482356262422,1,0.4671981490597716,1.3895693959110316
low_perm,17,8,1.5549904558076657,12.439923646461326,6.666390020127483,0,0.4671981490597716,1.3895693959110316
low_perm,17,7,1.2656600301256422,8.859620210879495,4.941806009679581,1,0.4671981490597716,1.3895693959110316
low_perm,17,9,1.7206365039911207,15.485728535920085,8.010486429107456,1,0.4671981490597716,1.3895693959110316
low_perm,17,16,0.6668807423532328,10.670091877651725,4.644427247255553,0,0.4671981490597716,1.3895693959110316
low_perm,17,21,0.4924213853579249,10.340849092516423,4.148493480779498,0,0.4671981490597716,1.3895693959110316
low_perm,17,29,0.7742481601867593,22.45319664541602,8.176336949267508,1,0.4671981490597716,1.3895693959110316
low_perm,17,12,1.0922909540854036,13.107491449024842,6.219639445784327,1,0.4671981490597716,1.3895693959110316
low_perm,17,11,1.1325512778591205,12.458064056450326,6.067820907354672,0,0.4671981490597716,1.3895693959110316
low_perm,17,9,0.8831807241304377,7.948626517173939,4.111680293127546,0,0.4671981490597716,1.3895693959110316
low_perm,17,49,0.9248907564415181,45.319647065634385,14.10027864279104,0,0.4671981490597716,1.3895693959110316
low_perm,17,19,1.524015273303756,28.956290192771363,11.970625387953765,0,0.4671981490597716,1.3895693959110316
low_perm,18,9,0.7984621310087844,7.186159179079059,3.717269771835024,0,0.4650548768234946,1.384067328624686
low_perm,18,20,1.1363669402595664,22.72733880519133,9.252084434624651,1,0.4650548768234946,1.384067328624686
low_perm,18,10,1.5101462394385503,15.101462394385504,7.568660161168353,1,0.4650548768234946,1.384067328624686
low_perm,18,7,1.545221029953325,10.816547209673276,6.033359978467969,1,0.4650548768234946,1.384067328624686
low_perm,18,20,1.190159070284105,23.8031814056821,9.690049770708484,1,0.4650548768234946,1.384067328624686
low_perm,18,44,1.0996147101129903,48.38304724497157,15.547387198025419,0,0.4650548768234946,1.384067328624686
low_perm,18,17,1.1086910581470486,18.847747988499826,8.056098912317509,0,0.4650548768234946,1.384067328624686
low_perm,18,10,0.5295355530201984,5.295355530201984,2.6539645892548096,1,0.4650548768234946,1.384067328624686
low_perm,18,7,1.516571808497862,10.616002659485035,5.921498268852952,1,0.4650548768234946,1.384067328624686
low_perm,18,25,1.0023082548602422,25.057706371506054,9.540240285860692,1,0.4650548768234946,1.384067328624686
low_perm,18,20,0.6579578661988655,13.159157323977311,5.356968349595672,1,0.4650548768234946,1.384067328624686
low_perm,18,25,1.2903549316159815,32.258873290399535,12.281946239561105,0,0.4650548768234946,1.384067328624686
low_perm,18,67,0.7623052031191502,51.07444860898306,14.467092089520806,0,0.4650548768234946,1.384067328624686
low_perm,19,24,0.7437764931004286,17.850635834410287,6.880029773381151,1,0.5164206803558656,1.375261867791619
low_perm,19,18,0.9285747299137603,16.714345138447687,7.022756562333239,0,0.5164206803558656,1.375261867791619
low_perm,19,15,0.7127689781132296,10.691534671698443,4.744742750969566,0,0.5164206803558656,1.375261867791619
low_perm,19,18,1.061818417386125,19.112731512950248,8.030470804861604,0,0.5164206803558656,1.375261867791619
low_perm,19,28,0.8411968216692548,23.553511006739136,8.667787289528825,1,0.5164206803558656,1.375261867791619
low_perm,19,12,0.6309880253818805,7.571856304582566,3.592923659949909,1,0.5164206803558656,1.375261867791619
low_perm,19,12,0.2588673223330478,3.106407867996574,1.4740224691829715,1,0.5164206803558656,1.375261867791619
low_perm,19,9,0.43500427138055947,3.9150384424250353,2.0251783595285913,0,0.5164206803558656,1.375261867791619
low_perm,19,12,0.5914313406026882,7.097176087232258,3.367683016807235,1,0.5164206803558656,1.375261867791619
low_perm,19,21,0.7440197522199941,15.624414796619876,6.268129661777997,0,0.5164206803558656,1.375261867791619
low_perm,19,19,0.6350042166038289,12.06508011547275,4.987743712211754,1,0.5164206803558656,1.375261867791619
low_perm,19,12,0.5528262954003961,6.633915544804752,3.147861126816842,0,0.5164206803558656,1.375261867791619
low_perm,19,11,0.49877511369613237,5.486526250657456,2.67226581446678,1,0.5164206803558656,1.375261867791619
low_perm,19,12,1.1514864102971136,13.817836923565363,6.5567056762502105,0,0.5164206803558656,1.375261867791619
low_perm,20,15,0.23996961416026671,3.599544212404001,1.5974237406541754,1,0.4028482396798631,1.3963476771414138
low_perm,20,26,1.1875897962818835,30.877334703328973,11.618439506030597,1,0.4028482396798631,1.3963476771414138
low_perm,20,7,1.3948108099113672,9.76367566937957,5.4460789459407835,1,0.4028482396798631,1.3963476771414138
low_perm,20,29,0.9099844069094826,26.389547800374995,9.609760167433357,1,0.4028482396798631,1.3963476771414138
low_perm,20,31,1.0226847709061924,31.703227898091964,11.316053042206818,0,0.4028482396798631,1.3963476771414138
low_perm,20,64,0.4972325769183524,31.822884922774552,9.138723890512768,0,0.4028482396798631,1.3963476771414138
low_perm,20,36,0.6809318031856173,24.51354491468222,8.365952011816761,1,0.4028482396798631,1.3963476771414138
low_perm,20,17,1.0901644083402635,18.53279494178448,7.921478431471587,1,0.4028482396798631,1.3963476771414138
low_perm,20,14,1.0094569503536674,14.132397304951343,6.402910445272358,1,0.4028482396798631,1.3963476771414138
low_perm,20,8,1.4737395806521314,11.789916645217051,6.318059892929278,0,0.4028482396798631,1.3963476771414138
low_perm,20,8,1.2430174613038938,9.94413969043115,5.328932513978988,0,0.4028482396798631,1.3963476771414138
low_perm,20,16,1.5507917142843661,24.812667428549858,10.800340803401735,0,0.4028482396798631,1.3963476771414138
low_perm,20,32,1.0008098723193537,32.02591591421932,11.322871158327324,0,0.4028482396798631,1.3963476771414138
low_perm,20,11,0.9750969237029184,10.726066160732103,5.224234536670382,0,0.4028482396798631,1.3963476771414138
low_perm,20,10,1.223104826515352,12.231048265153518,6.130045244373939,0,0.4028482396798631,1.3963476771414138
low_perm,20,16,1.2981333304017006,20.77013328642721,9.040725616117392,0,0.4028482396798631,1.3963476771414138
low_perm,21,22,0.6742545611036183,14.833600344279601,5.868400826207267,0,0.4895148014330134,1.3344323932179063
low_perm,21,24,1.0297734513690675,24.71456283285762,9.525539017404808,0,0.4895148014330134,1.3344323932179063
low_perm,21,14,1.0237596454808167,14.332635036731434,6.49363137794124,1,0.4895148014330134,1.3344323932179063
low_perm,21,19,0.5747998755126414,10.921197634740187,4.514858940939809,1,0.4895148014330134,1.3344323932179063
low_perm,21,11,1.0949359432847476,12.044295376132224,5.866290859197407,1,0.4895148014330134,1.3344323932179063
low_perm,21,62,0.7694219032975955,47.704158004450925,13.83052697189705,1,0.4895148014330134,1.3344323932179063
low_perm,21,9,1.37338222645349,12.36044003808141,6.393831388247611,1,0.4895148014330134,1.3344323932179063
low_perm,21,21,0.7477853533978913,15.703492421355717,6.299853653469316,1,0.4895148014330134,1.3344323932179063
low_perm,21,31,-0.12318315879736373,-3.8186779227182757,-1.363027199106904,0,0.4895148014330134,1.3344323932179063
low_perm,21,22,0.23829730452245873,5.242540699494092,2.0740298685612513,1,0.4895148014330134,1.3344323932179063
low_perm,21,16,1.2088443756019882,19.34151000963181,8.418881216941298,1,0.4895148014330134,1.3344323932179063
low_perm,21,8,1.123124708617321,8.984997668938568,4.814941031259406,1,0.4895148014330134,1.3344323932179063
low_perm,21,24,0.9073722268870918,21.776933445290204,8.39331169300536,0,0.4895148014330134,1.3344323932179063
low_perm,21,16,1.1603097162877307,18.56495546060369,8.080866216897999,0,0.4895148014330134,1.3344323932179063
low_perm,21,24,0.9611441035455681,23.067458485093635,8.890708580124974,0,0.4895148014330134,1.3344323932179063
low_perm,21,7,1.3379584365789081,9.365709056052356,5.224097218216473,0,0.4895148014330134,1.3344323932179063
low_perm,22,10,1.183634770779284,11.83634770779284,5.932226363919198,0,0.47548675214485514,1.3308106617804494
low_perm,22,42,1.006835020958983,42.287070880277284,13.779479612422781,1,0.47548675214485514,1.3308106617804494
low_perm,22,18,1.4632700683657773,26.33886123058399,11.066626243464489,1,0.47548675214485514,1.3308106617804494
low_perm,22,14,1.3970745969576517,19.559044357407124,8.86154038223302,0,0.47548675214485514,1.3308106617804494
low_perm,22,8,1.288245807630394,10.305966461043152,5.522830679367563,1,0.47548675214485514,1.3308106617804494
low_perm,22,13,0.7232491373324859,9.402238785322316,4.355602826094466,1,0.47548675214485514,1.3308106617804494
low_perm,22,50,0.6352194085052913,31.760970425264567,9.822064055543818,0,0.47548675214485514,1.3308106617804494
low_perm,22,11,1.0562445574845738,11.618690132330311,5.6589956980135225,1,0.47548675214485514,1.3308106617804494
low_perm,22,67,0.650132260055817,43.55886142373974,12.338264566620948,0,0.47548675214485514,1.3308106617804494
low_perm,22,13,1.1630464473548676,15.11960381561328,7.004181728666477,0,0.47548675214485514,1.3308106617804494
low_perm,22,15,1.0371057738765552,15.55658660814833,6.9037798412822555,0,0.47548675214485514,1.3308106617804494
low_perm,22,14,1.4166441711238569,19.833018395733998,8.985668737379248,0,0.47548675214485514,1.3308106617804494
low_perm,22,7,0.7531276480149269,5.271893536104488,2.9406085745210344,1,0.47548675214485514,1.3308106617804494
low_perm,22,18,1.2674081929884586,22.813347473792255,9.585334295378946,0,0.47548675214485514,1.3308106617804494
low_perm,22,10,1.3809559723316254,13.809559723316253,6.921175035339472,0,0.47548675214485514,1.3308106617804494
low_perm,23,47,0.98058674752705,46.08757713377135,14.519595584235837,1,0.4914859222947703,1.2758283054689086
low_perm,23,7,1.6754823216180428,11.7283762513263,6.541968940318036,1,0.4914859222947703,1.2758283054689086
low_perm,23,17,1.5101473898360762,25.672505627213297,10.973207238660658,1,0.4914859222947703,1.2758283054689086
low_perm,23,33,1.0228207000781033,33.753083102577406,11.823859669911203,0,0.4914859222947703,1.2758283054689086
low_perm,23,15,0.7574224311232599,11.361336466848899,5.041990742928953,1,0.4914859222947703,1.2758283054689086
low_perm,23,55,0.38340188835900013,21.087103859745007,6.337356379047939,0,0.4914859222947703,1.2758283054689086
low_perm,23,9,0.3352711660073544,3.0174404940661894,1.560867225089864,1,0.4914859222947703,1.2758283054689086
low_perm,23,27,0.5554775940142304,14.99789503838422,5.579832738022914,0,0.4914859222947703,1.2758283054689086
low_perm,23,43,0.7144395395329606,30.720900199917306,9.940160590508945,0,0.4914859222947703,1.2758283054689086
low_perm,23,17,0.9366125264011286,15.922412948819186,6.805722026669682,1,0.4914859222947703,1.2758283054689086
low_perm,23,30,0.919969792542954,27.59909377628862,9.948519274797665,0,0.4914859222947703,1.2758283054689086
low_perm,23,14,0.9243859001408675,12.941402601972145,5.863311093554598,0,0.4914859222947703,1.2758283054689086
low_perm,23,22,1.3441406644485248,29.571094617867544,11.698780610215701,0,0.4914859222947703,1.2758283054689086
low_perm,24,18,0.8687315476287598,15.637167857317676,6.570166062544468,0,0.4808455444276505,1.37017715862346
low_perm,24,11,0.84440671207296,9.288473832802561,4.524041252694845,0,0.4808455444276505,1.37017715862346
low_perm,24,18,1.1894348663325716,21.40982759398629,8.995626570390092,1,0.4808455444276505,1.37017715862346
low_perm,24,17,0.5852576569685758,9.949380168465789,4.252666727203538,0,0.4808455444276505,1.37017715862346
low_perm,24,30,0.7517866410582299,22.553599231746897,8.129792901601155,1,0.4808455444276505,1.37017715862346
low_perm,24,9,0.9384005289403794,8.445604760463414,4.36875812218788,1,0.4808455444276505,1.37017715862346
low_perm,24,16,0.7009785276925667,11.215656443081068,4.8818980171300135,1,0.4808455444276505,1.37017715862346
low_perm,24,7,1.4479373954547723,10.135561768183406,5.653513228025281,0,0.4808455444276505,1.37017715862346
low_perm,24,25,0.6391006438282334,15.977516095705834,6.0831322892973505,1,0.4808455444276505,1.37017715862346
low_perm,24,30,0.6534717128641933,19.604151385925796,7.066618908208263,1,0.4808455444276505,1.37017715862346
low_perm,24,14,0.8750820995299297,12.251149393419015,5.5505807489739825,1,0.4808455444276505,1.37017715862346
low_perm,24,25,0.8736732218060426,21.841830545151065,8.31585734920832,1,0.4808455444276505,1.37017715862346
low_perm,24,8,1.4667459411894126,11.7339675295153,6.288077504198523,1,0.4808455444276505,1.37017715862346
low_perm,24,9,1.3424917601064221,12.0824258409578,6.250019687816976,0,0.4808455444276505,1.37017715862346
low_perm,24,7,1.663526372684137,11.644684608788959,6.495286593647791,1,0.4808455444276505,1.37017715862346
low_perm,24,12,1.0574849017540198,12.689818821048238,6.021449489873201,1,0.4808455444276505,1.37017715862346
low_perm,24,10,0.9685635384796056,9.685635384796056,4.854316804428356,1,0.4808455444276505,1.37017715862346
low_perm,24,21,0.9136131199300268,19.185875518530562,7.696899819307038,1,0.4808455444276505,1.37017715862346
low_perm,24,40,0.5502825630840646,22.011302523362588,7.278263010356436,1,0.4808455444276505,1.37017715862346
low_perm,24,7,1.3513040851413705,9.459128595989593,5.276205687077973,1,0.4808455444276505,1.37017715862346
low_perm,24,20,0.9740944414975443,19.481888829950886,7.930892479127586,1,0.4808455444276505,1.37017715862346
low_perm,24,13,0.9112284276856601,11.845969559913582,5.4876651902879585,1,0.4808455444276505,1.37017715862346
low_perm,24,15,0.8517590188298609,12.776385282447913,5.66996818641555,0,0.4808455444276505,1.37017715862346
low_perm,24,10,0.8241485928737493,8.241485928737493,4.130527533602034,0,0.4808455444276505,1.37017715862346
low_perm,25,42,1.2953064264315703,54.40286991012596,17.72748079209013,0,0.4784588327640865,1.281986156652266
low_perm,25,12,0.7100180942929278,8.520217131515134,4.042930622072724,1,0.4784588327640865,1.281986156652266
low_perm,25,16,0.8505800644363606,13.60928103098177,5.923783633788218,1,0.4784588327640865,1.281986156652266
low_perm,25,61,0.4169440398495821,25.43358643082451,7.40983699973511,1,0.4784588327640865,1.281986156652266
low_perm,25,12,0.5738523178718359,6.88622781446203,3.2675858926973897,0,0.4784588327640865,1.281986156652266
low_perm,25,17,1.2946314720991248,22.00873502568512,9.407200606146187,1,0.4784588327640865,1.281986156652266
low_perm,25,20,0.8914698787497356,17.82939757499471,7.258178935787391,0,0.4784588327640865,1.281986156652266
low_perm,25,9,1.440749050063964,12.966741450575675,6.707460109393564,0,0.4784588327640865,1.281986156652266
low_perm,25,37,1.3751652476514342,50.881114163103064,17.222496114145645,1,0.4784588327640865,1.281986156652266
low_perm,25,50,0.7285917474182824,36.42958737091412,11.265831486985116,0,0.4784588327640865,1.281986156652266
low_perm,25,35,1.0932054364791677,38.262190276770866,13.16889739242246,0,0.4784588327640865,1.281986156652266
low_perm,26,10,1.4609750388824325,14.609750388824326,7.322220381359828,1,0.523066851186178,1.2950760334032267
low_perm,26,8,1.2189208771607165,9.751367017285732,5.225628196289267,0,0.523066851186178,1.2950760334032267
low_perm,26,7,1.5057098066184174,10.539968646328921,5.879087269937499,1,0.523066851186178,1.2950760334032267
low_perm,26,10,1.4572960771364254,14.572960771364254,7.303781894758809,1,0.523066851186178,1.2950760334032267
low_perm,26,17,1.5662765340354374,26.626701078602437,11.38105930368003,1,0.523066851186178,1.2950760334032267
low_perm,26,7,-0.012030874271205203,-0.08421611989843641,-0.046974894805866065,1,0.523066851186178,1.2950760334032267
low_perm,26,16,0.9368137380907833,14.989019809452532,6.524349819187832,0,0.523066851186178,1.2950760334032267
low_perm,26,34,0.17435312850159573,5.928006369054255,2.058092957016746,1,0.523066851186178,1.2950760334032267
low_perm,26,7,0.8619612642072946,6.033728849451062,3.3655525608624632,1,0.523066851186178,1.2950760334032267
low_perm,26,8,1.3393309300052625,10.7146474400421,5.741837393334776,0,0.523066851186178,1.2950760334032267
low_perm,26,41,1.1122246653305032,45.601211278550636,14.967222736590402,0,0.523066851186178,1.2950760334032267
low_perm,26,11,1.0022263520857804,11.024489872943583,5.369584699585114,0,0.523066851186178,1.2950760334032267
low_perm,26,13,1.2613154269845124,16.397100550798662,7.595984225619246,1,0.523066851186178,1.2950760334032267
low_perm,26,59,0.7280859208555411,42.957069330476926,12.640930432017477,1,0.523066851186178,1.2950760334032267
low_perm,26,11,1.6019634098192312,17.621597508011543,8.582769946887515,1,0.523066851186178,1.2950760334032267
low_perm,26,25,1.3727226272322788,34.31806568080697,13.065944180475679,1,0.523066851186178,1.2950760334032267
low_perm,26,9,1.1300739591137947,10.170665632024152,5.261100814943248,0,0.523066851186178,1.2950760334032267
low_perm,26,28,0.7071969859725658,19.801515607231842,7.287037811248713,0,0.523066851186178,1.2950760334032267
low_perm,27,13,1.2178572176529803,15.832143829488743,7.334267080570776,0,0.5143171255475995,1.3844188201253411
low_perm,27,10,1.3008305361576844,13.008305361576845,6.519596578347511,0,0.5143171255475995,1.3844188201253411
low_perm,27,53,0.9734570223435306,51.59322218420712,15.678694253022964,0,0.5143171255475995,1.3844188201253411
low_perm,27,9,1.0873542290526859,9.786188061474173,5.062217542900676,0,0.5143171255475995,1.3844188201253411
low_perm,27,56,0.8670447822900168,48.55450780824094,14.513533108531774,1,0.5143171255475995,1.3844188201253411
low_perm,27,20,0.6737955165201935,13.47591033040387,5.485915499347772,1,0.5143171255475995,1.3844188201253411
low_perm,27,11,1.274621367809681,14.020835045906491,6.8289836723125,1,0.5143171255475995,1.3844188201253411
low_perm,27,16,1.0688425492873237,17.10148078859718,7.443851866855558,1,0.5143171255475995,1.3844188201253411
low_perm,27,8,1.0899468019478586,8.71957441558287,4.672704231616063,1,0.5143171255475995,1.3844188201253411
low_perm,27,20,1.4113543761533456,28.227087523066913,11.49098006350403,1,0.5143171255475995,1.3844188201253411
low_perm,27,13,0.8008177123826263,10.410630260974143,4.822741861960602,0,0.5143171255475995,1.3844188201253411
low_perm,27,10,1.6770713667886874,16.770713667886874,8.405267589163305,0,0.5143171255475995,1.3844188201253411
low_perm,27,7,1.5472963637527481,10.831074546269237,6.041463179009952,0,0.5143171255475995,1.3844188201253411
low_perm,27,9,0.7680561583087268,6.912505424778541,3.5757136493694968,0,0.5143171255475995,1.3844188201253411
low_perm,27,29,1.662849500957102,48.22263552775596,17.560284305315033,0,0.5143171255475995,1.3844188201253411
low_perm,27,21,1.0789264640958864,22.657455746013614,9.089612140400567,0,0.5143171255475995,1.3844188201253411
low_perm,28,14,0.6020408267637096,8.428571574691935,3.8187002395844742,0,0.39227899677418443,1.273250955311881
low_perm,28,27,0.8239038009927735,22.245402626804886,8.276203129163873,1,0.39227899677418443,1.273250955311881
low_perm,28,46,0.45368864568979467,20.869677701730556,6.617415321469926,0,0.39227899677418443,1.273250955311881
low_perm,28,12,0.8815408158257169,10.578489789908602,5.019602158812562,0,0.39227899677418443,1.273250955311881
low_perm,28,10,1.7352461447872962,17.35246144787296,8.69683214968334,1,0.39227899677418443,1.273250955311881
low_perm,28,28,0.565998831813736,15.847967290784608,5.832116044551829,1,0.39227899677418443,1.273250955311881
low_perm,28,10,1.2700578700206642,12.700578700206641,6.3653679042220235,0,0.39227899677418443,1.273250955311881
low_perm,28,19,1.1167578515393444,21.218399179247545,8.771755850486876,1,0.39227899677418443,1.273250955311881
low_perm,28,26,0.45450631649880907,11.817164228969036,4.446530409643908,1,0.39227899677418443,1.273250955311881
low_perm,28,23,1.18025776300598,27.14592854913754,10.597083364865139,1,0.39227899677418443,1.273250955311881
low_perm,28,46,0.7729217063481459,35.55439849201471,11.27368734147704,0,0.39227899677418443,1.273250955311881
low_perm,28,8,1.5354495470707228,12.283596376565782,6.582616310455086,0,0.39227899677418443,1.273250955311881
low_perm,28,39,1.006227532505802,39.24287376772628,13.074991682950495,1,0.39227899677418443,1.273250955311881
low_perm,28,35,1.1773282918123524,41.20649021343233,14.182252442876802,0,0.39227899677418443,1.273250955311881
low_perm,28,33,0.45500812429665066,15.015268101789472,5.259917217105886,1,0.39227899677418443,1.273250955311881
low_perm,29,12,1.0069229575389553,12.083075490467465,5.733543541811149,0,0.5025712728138926,1.3577718310170197
low_perm,29,8,1.5275282053695176,12.22022564295614,6.548656775162951,0,0.5025712728138926,1.3577718310170197
low_perm,29,14,1.0296341987174669,14.414878782044536,6.530893232710854,0,0.5025712728138926,1.3577718310170197
low_perm,29,30,0.8877371047662542,26.632113142987627,9.599956182591505,1,0.5025712728138926,1.3577718310170197
low_perm,29,25,1.0575051940770865,26.437629851927163,10.065619639586725,1,0.5025712728138926,1.3577718310170197
low_perm,29,27,1.2973146356993945,35.02749516388365,13.031666360257018,1,0.5025712728138926,1.3577718310170197
low_perm,29,9,0.947395430328743,8.526558872958686,4.410634215909892,1,0.5025712728138926,1.3577718310170197
low_perm,29,10,1.530053383404618,15.30053383404618,7.668432225306085,1,0.5025712728138926,1.3577718310170197
low_perm,29,18,1.0869257632773075,19.564663738991534,8.220356198508327,1,0.5025712728138926,1.3577718310170197
low_perm,29,10,0.637014373817014,6.37014373817014,3.192634717941583,1,0.5025712728138926,1.3577718310170197
low_perm,29,25,1.15860504226903,28.965126056725747,11.027915260657577,0,0.5025712728138926,1.3577718310170197
low_perm,29,22,0.21554218264515398,4.741928018193388,1.8759797792794664,0,0.5025712728138926,1.3577718310170197
low_perm,29,63,1.0155907806666609,63.98221918199963,18.46108127975154,0,0.5025712728138926,1.3577718310170197
low_perm,29,20,1.1268260083994925,22.53652016798985,9.174403974179153,0,0.5025712728138926,1.3577718310170197
